"META","","","ESTRUCTURAL","","","","","","","LOCACIONAL","","","","","SEGURIDAD","","TCO","","","","","TARGET","",""
"ID Registro","Fuente","Tipo Operación","Tipo Inmueble","Área (m²)","Habitaciones","Baños","Parqueadero","Depósito","Antigüedad (años)","Localidad","UPZ","Estrato","Latitud","Longitud","Hurto Res./100k hab","Índice Seguridad (0-10)","Acueducto+Alcantarillado (COP/mes)","Consumo Energía (kWh/mes)","Energía Eléctrica (COP/mes)","Admin. Mensual (COP)","TCO Mensual Est. (COP)","Precio Venta (COP)","Precio Arriendo (COP/mes)","PRECIO MERCADO (COP) ★"
"SHV-0001","Properati","Venta","Apartamento","194","4","4","Sí","Sí","30","Usaquén","Country Club","6","4.679251","-74.042249","180","5.58","173000","524","542000","2399000","3114000","2302800000","11450000","2302800000"
"SHV-0002","Habi","Venta","Apartamento","73","3","2","Sí","Sí","48","Chapinero","El Refugio","4","4.653463","-74.047528","320","1","87000","190","131000","342000","560000","479400000","2020000","479400000"
"SHV-0003","Habi","Venta","Apartamento","79","3","2","No","No","42","Santa Fe","La Macarena","3","4.612487","-74.076189","290","1.98","46000","162","89000","266000","401000","272900000","1220000","272900000"
"SHV-0004","UAECD-OTC","Venta","Casa","60","3","3","No","No","27","San Cristóbal","20 de Julio","2","4.542133","-74.090236","210","4.6","32000","119","89000","0","121000","132400000","670000","132400000"
"SHV-0005","FincaRaíz","Arriendo","Apartamento","45","2","1","No","No","17","Usme","Alfonso López","1","4.496143","-74.1142","140","6.89","39000","86","33000","41000","113000","84000000","350000","350000"
"SHV-0006","FincaRaíz","Venta","Apartamento","82","3","2","Sí","No","38","Tunjuelito","Tunjuelito","3","4.554331","-74.133932","190","5.25","72000","204","109000","254000","435000","282000000","1650000","282000000"
"SHV-0007","Metrocuadrado","Arriendo","Casa","36","2","2","No","No","9","Bosa","El Porvenir","1","4.62482","-74.204762","160","6.24","17000","94","56000","0","73000","60100000","260000","260000"
"SHV-0008","Habi","Arriendo","Apartamento","51","3","3","Sí","No","43","Kennedy","Américas","3","4.639098","-74.162616","230","3.95","48000","113","68000","150000","266000","199800000","880000","880000"
"SHV-0009","Properati","Venta","Apartamento","130","2","2","No","No","19","Fontibón","Fontibón","4","4.655593","-74.154851","200","4.93","114000","270","121000","545000","780000","758100000","4190000","758100000"
"SHV-0010","FincaRaíz","Venta","Apartamento","76","3","3","No","No","47","Engativá","Minuto de Dios","3","4.702384","-74.11067","175","5.75","54000","166","74000","201000","329000","223900000","940000","223900000"
"SHV-0011","UAECD-OTC","Venta","Casa","66","1","1","Sí","No","22","Suba","Andes","3","4.732904","-74.086585","195","5.09","46000","181","119000","0","165000","279300000","1620000","279300000"
"SHV-0012","Habi","Arriendo","Apartamento","123","3","2","Sí","No","37","Barrios Unidos","Los Andes","4","4.681231","-74.065625","265","2.8","72000","261","160000","565000","797000","872300000","4760000","4760000"
"SHV-0013","FincaRaíz","Venta","Apartamento","99","3","3","Sí","No","50","Teusaquillo","Galerías","4","4.62258","-74.093186","300","1.65","77000","218","176000","457000","710000","544700000","2250000","544700000"
"SHV-0014","UAECD-OTC","Venta","Apartamento","55","2","1","No","No","44","Los Mártires","Ricaurte","2","4.605282","-74.105313","280","2.31","52000","136","65000","28000","145000","134900000","730000","134900000"
"SHV-0015","UAECD-OTC","Arriendo","Apartamento","88","1","1","Sí","No","56","Antonio Nariño","Antonio Nariño","3","4.564495","-74.115115","220","4.27","84000","185","126000","243000","453000","380500000","2000000","2000000"
"SHV-0016","Habi","Venta","Apartamento","97","3","3","No","No","59","Puente Aranda","Ciudad Montes","3","4.638091","-74.115811","245","3.45","65000","165","144000","197000","406000","348800000","1920000","348800000"
"SHV-0017","Metrocuadrado","Venta","Apartamento","52","3","3","Sí","No","60","La Candelaria","La Candelaria","2","4.590789","-74.066415","310","1.33","55000","134","74000","52000","181000","104900000","590000","104900000"
"SHV-0018","Metrocuadrado","Venta","Casa","52","4","4","No","No","24","Rafael Uribe Uribe","Marruecos","2","4.546249","-74.111091","200","4.93","56000","102","78000","0","134000","134800000","730000","134800000"
"SHV-0019","Habi","Arriendo","Apartamento","37","3","2","No","No","30","Ciudad Bolívar","Lucero","1","4.518088","-74.175469","170","5.91","33000","76","60000","20000","113000","70000000","360000","360000"
"SHV-0020","Metrocuadrado","Venta","Apartamento","42","3","3","No","No","29","Sumapaz","Sumapaz","1","4.273584","-74.368616","45","10","35000","84","61000","10000","106000","78900000","370000","78900000"
"SHV-0021","Properati","Arriendo","Apartamento","103","4","4","No","Sí","25","Usaquén","Santa Bárbara","5","4.712103","-74.022653","180","5.58","131000","247","257000","710000","1098000","968600000","5230000","5230000"
"SHV-0022","FincaRaíz","Arriendo","Apartamento","110","3","3","No","Sí","26","Chapinero","Chapinero","4","4.63196","-74.052936","320","1","113000","180","193000","471000","777000","557300000","3300000","3300000"
"SHV-0023","Habi","Venta","Casa","67","3","2","No","Sí","28","Santa Fe","Lourdes","3","4.58993","-74.099529","290","1.98","69000","174","74000","0","143000","214700000","1110000","214700000"
"SHV-0024","Habi","Venta","Apartamento","53","1","1","No","Sí","37","San Cristóbal","La Gloria","2","4.55326","-74.079171","210","4.6","35000","118","72000","75000","182000","119000000","630000","119000000"
"SHV-0025","UAECD-OTC","Venta","Apartamento","48","2","1","No","No","14","Usme","La Flora","2","4.470309","-74.11814","140","6.89","51000","132","82000","69000","202000","123200000","600000","123200000"
"SHV-0026","FincaRaíz","Arriendo","Apartamento","65","4","4","No","No","12","Tunjuelito","Venecia","3","4.564089","-74.128219","190","5.25","55000","168","61000","213000","329000","252700000","1390000","1390000"
"SHV-0027","Metrocuadrado","Arriendo","Apartamento","88","2","2","No","No","16","Bosa","Bosa Occidental","2","4.635328","-74.216632","160","6.24","55000","177","103000","90000","248000","235900000","1410000","1410000"
"SHV-0028","Properati","Arriendo","Apartamento","75","2","2","No","No","26","Kennedy","Carvajal","3","4.609794","-74.140102","230","3.95","42000","156","93000","230000","365000","244500000","1060000","1060000"
"SHV-0029","UAECD-OTC","Venta","Apartamento","73","2","1","No","Sí","21","Fontibón","Modelia","4","4.69486","-74.135817","200","4.93","81000","141","115000","375000","571000","499300000","2200000","499300000"
"SHV-0030","Metrocuadrado","Venta","Apartamento","71","2","1","No","No","29","Engativá","Garcés Navas","3","4.683542","-74.121848","175","5.75","57000","129","121000","227000","405000","256600000","1300000","256600000"
"SHV-0031","Properati","Arriendo","Apartamento","131","4","3","Sí","Sí","4","Suba","Suba","5","4.716295","-74.098412","195","5.09","127000","241","288000","876000","1291000","1195000000","5930000","5930000"
"SHV-0032","Properati","Venta","Casa","66","3","3","Sí","No","5","Barrios Unidos","12 de Octubre","3","4.687977","-74.056964","265","2.8","58000","121","69000","0","127000","307200000","1580000","307200000"
"SHV-0033","Metrocuadrado","Arriendo","Apartamento","131","3","3","Sí","Sí","10","Teusaquillo","Nicolás de Federmán","5","4.651061","-74.101044","300","1.65","156000","315","216000","884000","1256000","1097200000","4500000","4500000"
"SHV-0034","FincaRaíz","Arriendo","Apartamento","59","1","1","No","No","52","Los Mártires","La Sabana","2","4.622961","-74.084933","280","2.31","56000","135","65000","72000","193000","150700000","720000","720000"
"SHV-0035","UAECD-OTC","Venta","Apartamento","36","2","2","Sí","No","27","Antonio Nariño","Antonio Nariño","3","4.583934","-74.079556","220","4.27","42000","133","50000","101000","193000","167800000","870000","167800000"
"SHV-0036","Properati","Arriendo","Casa","36","1","1","No","Sí","60","Puente Aranda","Puente Aranda","3","4.621637","-74.102924","245","3.45","54000","107","48000","0","102000","145700000","750000","750000"
"SHV-0037","Habi","Venta","Casa","57","3","2","No","No","31","La Candelaria","La Candelaria","2","4.601796","-74.054019","310","1.33","45000","145","89000","0","134000","115000000","610000","115000000"
"SHV-0038","FincaRaíz","Venta","Apartamento","61","2","1","No","No","41","Rafael Uribe Uribe","Marruecos","2","4.574548","-74.123908","200","4.93","32000","112","72000","45000","149000","164700000","900000","164700000"
"SHV-0039","Metrocuadrado","Arriendo","Apartamento","52","2","1","No","No","28","Ciudad Bolívar","Tesoro","2","4.526409","-74.185138","170","5.91","27000","104","45000","55000","127000","114800000","610000","610000"
"SHV-0040","Habi","Venta","Casa","59","1","1","No","No","25","Sumapaz","Sumapaz","1","4.251978","-74.363207","45","10","29000","129","49000","26000","104000","91000000","510000","91000000"
"SHV-0041","FincaRaíz","Venta","Casa","73","4","3","Sí","Sí","17","Usaquén","Usaquén","4","4.686972","-74.055293","180","5.58","81000","203","136000","154000","371000","517200000","2720000","517200000"
"SHV-0042","Properati","Venta","Casa","51","1","1","Sí","No","33","Chapinero","Chapinero","3","4.671053","-74.064114","320","1","67000","115","94000","64000","225000","173800000","880000","173800000"
"SHV-0043","Metrocuadrado","Venta","Casa","78","2","2","No","No","3","Santa Fe","Sagrado Corazón","2","4.598526","-74.080864","290","1.98","70000","162","68000","16000","154000","155500000","810000","155500000"
"SHV-0044","FincaRaíz","Arriendo","Casa","59","2","1","No","No","34","San Cristóbal","La Gloria","1","4.554426","-74.073531","210","4.6","26000","137","38000","0","64000","114700000","480000","480000"
"SHV-0045","Habi","Arriendo","Casa","74","1","1","No","No","9","Usme","Gran Yomasa","2","4.481228","-74.120618","140","6.89","46000","160","85000","0","131000","191200000","870000","870000"
"SHV-0046","Habi","Venta","Casa","71","2","2","Sí","No","27","Tunjuelito","Venecia","3","4.546022","-74.160007","190","5.25","74000","163","112000","0","186000","288400000","1460000","288400000"
"SHV-0047","Properati","Venta","Apartamento","50","2","1","No","No","10","Bosa","Bosa Occidental","1","4.618525","-74.191425","160","6.24","25000","97","43000","47000","115000","96100000","550000","96100000"
"SHV-0048","Properati","Venta","Apartamento","59","3","3","No","No","45","Kennedy","Timiza","2","4.605403","-74.17538","230","3.95","39000","150","54000","85000","178000","133900000","720000","133900000"
"SHV-0049","Metrocuadrado","Venta","Apartamento","58","2","2","No","No","36","Fontibón","Aeropuerto","3","4.663353","-74.166449","200","4.93","58000","174","96000","138000","292000","234300000","980000","234300000"
"SHV-0050","UAECD-OTC","Venta","Apartamento","81","3","2","No","No","33","Engativá","Engativá","4","4.708385","-74.133301","175","5.75","71000","194","112000","396000","579000","453100000","2350000","453100000"
"SHV-0051","UAECD-OTC","Arriendo","Apartamento","35","3","3","Sí","No","25","Suba","Andes","3","4.729812","-74.0765","195","5.09","45000","90","47000","72000","164000","117800000","520000","520000"
"SHV-0052","FincaRaíz","Arriendo","Apartamento","91","3","2","Sí","No","45","Barrios Unidos","12 de Octubre","4","4.688643","-74.06252","265","2.8","73000","227","146000","434000","653000","483700000","2640000","2640000"
"SHV-0053","Habi","Venta","Apartamento","122","4","4","Sí","Sí","49","Teusaquillo","Galerías","5","4.619312","-74.071732","300","1.65","184000","238","270000","765000","1219000","943500000","5340000","943500000"
"SHV-0054","Metrocuadrado","Arriendo","Apartamento","58","2","1","No","Sí","60","Los Mártires","La Sabana","3","4.623588","-74.073383","280","2.31","60000","117","98000","176000","334000","216800000","1120000","1120000"
"SHV-0055","FincaRaíz","Venta","Apartamento","72","2","2","Sí","No","51","Antonio Nariño","Antonio Nariño","3","4.593018","-74.090805","220","4.27","50000","157","91000","191000","332000","210700000","1090000","210700000"
"SHV-0056","UAECD-OTC","Venta","Apartamento","80","3","3","No","No","32","Puente Aranda","Muzú","3","4.625475","-74.116873","245","3.45","79000","186","77000","210000","366000","273900000","1280000","273900000"
"SHV-0057","Habi","Arriendo","Casa","40","2","1","No","No","39","La Candelaria","La Candelaria","2","4.593086","-74.082722","310","1.33","32000","94","61000","0","93000","106400000","520000","520000"
"SHV-0058","FincaRaíz","Venta","Casa","62","4","3","No","No","51","Rafael Uribe Uribe","Quiroga","2","4.55179","-74.132595","200","4.93","41000","136","65000","14000","120000","169400000","970000","169400000"
"SHV-0059","UAECD-OTC","Arriendo","Apartamento","49","2","1","No","No","15","Ciudad Bolívar","El Mochuelo","2","4.535412","-74.14083","170","5.91","55000","129","65000","69000","189000","111600000","610000","610000"
"SHV-0060","Properati","Arriendo","Apartamento","61","3","2","No","No","7","Sumapaz","Sumapaz","2","4.258849","-74.348766","45","10","29000","118","47000","21000","97000","171800000","870000","870000"
"SHV-0061","UAECD-OTC","Venta","Casa","178","3","2","Sí","Sí","22","Usaquén","Usaquén","6","4.682515","-74.036271","180","5.58","203000","474","533000","0","736000","2445900000","11580000","2445900000"
"SHV-0062","Properati","Venta","Apartamento","95","2","2","No","Sí","23","Chapinero","Chico Lago","4","4.65577","-74.064787","320","1","110000","174","124000","505000","739000","525900000","2160000","525900000"
"SHV-0063","Habi","Venta","Apartamento","81","3","2","No","No","28","Santa Fe","Sagrado Corazón","3","4.605367","-74.06667","290","1.98","82000","171","87000","192000","361000","312400000","1340000","312400000"
"SHV-0064","UAECD-OTC","Arriendo","Apartamento","58","2","2","No","No","59","San Cristóbal","La Gloria","2","4.553907","-74.09851","210","4.6","30000","132","85000","46000","161000","127600000","560000","560000"
"SHV-0065","Metrocuadrado","Arriendo","Apartamento","29","1","1","No","No","9","Usme","Gran Yomasa","1","4.495491","-74.12529","140","6.89","18000","96","50000","12000","80000","55700000","260000","260000"
"SHV-0066","Metrocuadrado","Venta","Casa","54","2","2","No","No","38","Tunjuelito","Tunjuelito","2","4.559912","-74.122578","190","5.25","52000","134","61000","0","113000","132100000","780000","132100000"
"SHV-0067","Metrocuadrado","Arriendo","Casa","60","2","1","No","Sí","3","Bosa","Bosa Occidental","2","4.642271","-74.221832","160","6.24","46000","117","54000","38000","138000","130500000","650000","650000"
"SHV-0068","UAECD-OTC","Arriendo","Apartamento","68","3","2","No","No","19","Kennedy","Américas","3","4.608417","-74.18169","230","3.95","48000","187","92000","191000","331000","214500000","960000","960000"
"SHV-0069","Properati","Arriendo","Apartamento","56","2","2","Sí","No","27","Fontibón","Modelia","3","4.672578","-74.161575","200","4.93","70000","114","74000","149000","293000","176600000","740000","740000"
"SHV-0070","Habi","Venta","Casa","49","2","2","No","No","14","Engativá","Minuto de Dios","3","4.716588","-74.113181","175","5.75","64000","125","103000","66000","233000","208900000","980000","208900000"
"SHV-0071","UAECD-OTC","Venta","Apartamento","104","4","3","No","Sí","23","Suba","Niza","4","4.72118","-74.090629","195","5.09","104000","206","157000","435000","696000","661100000","3720000","661100000"
"SHV-0072","Metrocuadrado","Venta","Apartamento","38","3","2","No","No","34","Barrios Unidos","Alcázares","3","4.688454","-74.064527","265","2.8","41000","111","68000","109000","218000","167000000","800000","167000000"
"SHV-0073","Properati","Venta","Apartamento","78","2","1","No","No","45","Teusaquillo","Teusaquillo","4","4.639524","-74.10119","300","1.65","62000","221","106000","325000","493000","481700000","2670000","481700000"
"SHV-0074","FincaRaíz","Arriendo","Apartamento","82","2","1","No","No","32","Los Mártires","Ricaurte","3","4.601709","-74.105222","280","2.31","85000","162","92000","165000","342000","318900000","1790000","1790000"
"SHV-0075","Habi","Venta","Casa","42","1","1","No","No","45","Antonio Nariño","Restrepo","2","4.569472","-74.120001","220","4.27","26000","105","57000","8000","91000","117200000","490000","117200000"
"SHV-0076","FincaRaíz","Arriendo","Apartamento","85","4","4","No","No","36","Puente Aranda","Ciudad Montes","4","4.615221","-74.103993","245","3.45","104000","166","170000","378000","652000","498800000","2600000","2600000"
"SHV-0077","FincaRaíz","Venta","Apartamento","60","2","2","Sí","No","60","La Candelaria","La Candelaria","3","4.597198","-74.080212","310","1.33","39000","148","96000","202000","337000","263700000","1560000","263700000"
"SHV-0078","UAECD-OTC","Venta","Apartamento","44","2","2","No","No","16","Rafael Uribe Uribe","Marco Fidel Suárez","2","4.539322","-74.123136","200","4.93","23000","100","60000","23000","106000","91400000","440000","91400000"
"SHV-0079","Metrocuadrado","Venta","Apartamento","45","2","2","No","Sí","22","Ciudad Bolívar","Lucero","2","4.511548","-74.182586","170","5.91","30000","135","67000","47000","144000","95500000","390000","95500000"
"SHV-0080","Habi","Venta","Apartamento","62","3","3","No","No","25","Sumapaz","Sumapaz","2","4.275016","-74.342288","45","10","36000","120","73000","21000","130000","143600000","840000","143600000"
"SHV-0081","Habi","Arriendo","Apartamento","181","3","3","Sí","Sí","26","Usaquén","Country Club","6","4.703227","-74.047372","180","5.58","308000","447","362000","1769000","2439000","2120300000","12230000","12230000"
"SHV-0082","FincaRaíz","Venta","Casa","61","3","2","Sí","No","14","Chapinero","El Refugio","3","4.638207","-74.051813","320","1","35000","170","96000","0","131000","274100000","1380000","274100000"
"SHV-0083","FincaRaíz","Venta","Apartamento","52","3","3","No","No","53","Santa Fe","Lourdes","2","4.603946","-74.070825","290","1.98","25000","104","46000","25000","96000","143800000","730000","143800000"
"SHV-0084","UAECD-OTC","Venta","Casa","51","3","3","No","No","59","San Cristóbal","Los Libertadores","1","4.537858","-74.065779","210","4.6","34000","139","59000","0","93000","76200000","340000","76200000"
"SHV-0085","Properati","Arriendo","Casa","40","2","1","No","No","0","Usme","La Flora","1","4.456185","-74.134785","140","6.89","20000","113","64000","0","84000","68700000","390000","390000"
"SHV-0086","UAECD-OTC","Venta","Apartamento","59","2","2","No","Sí","32","Tunjuelito","Venecia","3","4.580906","-74.136855","190","5.25","48000","136","57000","158000","263000","182100000","910000","182100000"
"SHV-0087","Metrocuadrado","Venta","Apartamento","34","3","3","No","No","14","Bosa","Bosa Central","1","4.599194","-74.215984","160","6.24","31000","106","37000","34000","102000","58700000","240000","58700000"
"SHV-0088","UAECD-OTC","Arriendo","Apartamento","66","3","3","Sí","No","39","Kennedy","Carvajal","3","4.602409","-74.141459","230","3.95","61000","173","98000","153000","312000","251600000","1350000","1350000"
"SHV-0089","Properati","Venta","Apartamento","86","3","2","Sí","No","35","Fontibón","Fontibón","3","4.65095","-74.162217","200","4.93","58000","150","86000","240000","384000","302500000","1790000","302500000"
"SHV-0090","UAECD-OTC","Venta","Casa","78","3","3","No","Sí","34","Engativá","Garcés Navas","3","4.711927","-74.126436","175","5.75","85000","174","90000","0","175000","245200000","1390000","245200000"
"SHV-0091","UAECD-OTC","Arriendo","Casa","46","3","2","No","No","21","Suba","Suba","2","4.759667","-74.113823","195","5.09","30000","93","77000","0","107000","122600000","560000","560000"
"SHV-0092","Metrocuadrado","Venta","Apartamento","54","3","3","Sí","No","14","Barrios Unidos","Alcázares","4","4.650754","-74.067043","265","2.8","69000","124","132000","251000","452000","271800000","1120000","271800000"
"SHV-0093","Properati","Arriendo","Apartamento","104","4","4","Sí","No","39","Teusaquillo","Nicolás de Federmán","5","4.638769","-74.070544","300","1.65","102000","267","256000","686000","1044000","966000000","5680000","5680000"
"SHV-0094","Metrocuadrado","Arriendo","Apartamento","92","3","3","No","Sí","5","Los Mártires","Ricaurte","3","4.629686","-74.09119","280","2.31","55000","174","122000","303000","480000","379900000","2230000","2230000"
"SHV-0095","Properati","Venta","Apartamento","44","2","2","No","No","57","Antonio Nariño","Restrepo","3","4.570325","-74.095869","220","4.27","39000","130","77000","114000","230000","167600000","850000","167600000"
"SHV-0096","UAECD-OTC","Venta","Apartamento","60","3","2","Sí","Sí","48","Puente Aranda","Ciudad Montes","4","4.635055","-74.102029","245","3.45","63000","175","104000","267000","434000","367700000","1940000","367700000"
"SHV-0097","Habi","Venta","Casa","56","2","1","No","No","26","La Candelaria","La Candelaria","2","4.618441","-74.081399","310","1.33","51000","103","66000","20000","137000","149200000","730000","149200000"
"SHV-0098","Habi","Venta","Apartamento","82","2","2","No","No","49","Rafael Uribe Uribe","Marco Fidel Suárez","3","4.581818","-74.118721","200","4.93","71000","143","92000","243000","406000","304500000","1470000","304500000"
"SHV-0099","Habi","Venta","Apartamento","53","3","3","No","No","24","Ciudad Bolívar","Arborizadora","2","4.5315","-74.171482","170","5.91","54000","109","48000","45000","147000","146600000","620000","146600000"
"SHV-0100","UAECD-OTC","Arriendo","Apartamento","71","3","2","No","No","11","Sumapaz","Sumapaz","2","4.276597","-74.385689","45","10","64000","152","91000","70000","225000","190600000","800000","800000"
"SHV-0101","UAECD-OTC","Venta","Apartamento","116","4","3","Sí","No","14","Usaquén","Santa Bárbara","5","4.721898","-74.016987","180","5.58","173000","338","262000","716000","1151000","952700000","4250000","952700000"
"SHV-0102","UAECD-OTC","Venta","Casa","150","3","3","Sí","Sí","23","Chapinero","Chico Lago","5","4.63653","-74.056247","320","1","193000","319","227000","0","420000","1218200000","6910000","1218200000"
"SHV-0103","Properati","Venta","Apartamento","86","3","3","No","No","52","Santa Fe","La Macarena","3","4.617262","-74.101581","290","1.98","40000","215","81000","204000","325000","271600000","1170000","271600000"
"SHV-0104","Habi","Arriendo","Casa","48","2","2","No","No","22","San Cristóbal","San Blas","2","4.537649","-74.105004","210","4.6","36000","94","70000","8000","114000","117800000","520000","520000"
"SHV-0105","FincaRaíz","Arriendo","Casa","40","1","1","No","No","16","Usme","Alfonso López","1","4.466087","-74.146874","140","6.89","19000","111","48000","0","67000","79800000","410000","410000"
"SHV-0106","Properati","Venta","Apartamento","33","3","3","Sí","No","60","Tunjuelito","Venecia","3","4.566938","-74.146573","190","5.25","51000","138","68000","67000","186000","109600000","490000","109600000"
"SHV-0107","UAECD-OTC","Venta","Apartamento","69","3","2","Sí","Sí","7","Bosa","Apogeo","2","4.637359","-74.202454","160","6.24","41000","130","83000","81000","205000","161400000","700000","161400000"
"SHV-0108","Properati","Venta","Apartamento","67","3","3","No","No","33","Kennedy","Carvajal","2","4.649754","-74.168305","230","3.95","66000","114","71000","42000","179000","181700000","930000","181700000"
"SHV-0109","Metrocuadrado","Venta","Apartamento","76","2","1","Sí","Sí","30","Fontibón","Aeropuerto","4","4.680313","-74.147225","200","4.93","73000","192","149000","391000","613000","557000000","2640000","557000000"
"SHV-0110","FincaRaíz","Arriendo","Apartamento","80","3","3","Sí","No","24","Engativá","Minuto de Dios","4","4.715838","-74.104734","175","5.75","91000","227","101000","349000","541000","535500000","2810000","2810000"
"SHV-0111","FincaRaíz","Arriendo","Apartamento","71","2","1","No","No","24","Suba","Andes","3","4.744629","-74.080974","195","5.09","54000","186","83000","185000","322000","304800000","1780000","1780000"
"SHV-0112","FincaRaíz","Arriendo","Apartamento","64","3","2","Sí","No","50","Barrios Unidos","Alcázares","4","4.665919","-74.087159","265","2.8","66000","200","134000","264000","464000","399500000","1720000","1720000"
"SHV-0113","Properati","Arriendo","Casa","190","4","3","Sí","Sí","39","Teusaquillo","Teusaquillo","5","4.627925","-74.072926","300","1.65","175000","375","366000","396000","937000","1677800000","9780000","9780000"
"SHV-0114","Metrocuadrado","Venta","Casa","73","2","1","No","Sí","46","Los Mártires","La Sabana","3","4.595523","-74.101618","280","2.31","84000","193","122000","115000","321000","233000000","1350000","233000000"
"SHV-0115","Properati","Venta","Casa","56","1","1","No","No","58","Antonio Nariño","Antonio Nariño","2","4.557538","-74.080741","220","4.27","52000","123","64000","0","116000","142900000","810000","142900000"
"SHV-0116","Properati","Arriendo","Apartamento","74","4","4","Sí","Sí","30","Puente Aranda","Ciudad Montes","4","4.604973","-74.087804","245","3.45","81000","202","111000","342000","534000","388300000","2040000","2040000"
"SHV-0117","Properati","Venta","Apartamento","27","4","3","No","Sí","56","La Candelaria","La Candelaria","2","4.620859","-74.08015","310","1.33","33000","77","52000","1000","86000","63900000","330000","63900000"
"SHV-0118","UAECD-OTC","Venta","Apartamento","54","2","1","No","Sí","41","Rafael Uribe Uribe","Quiroga","2","4.555401","-74.123359","200","4.93","34000","132","47000","17000","98000","106000000","560000","106000000"
"SHV-0119","Habi","Venta","Apartamento","51","1","1","No","Sí","16","Ciudad Bolívar","Tesoro","2","4.529764","-74.181663","170","5.91","35000","133","56000","24000","115000","125800000","680000","125800000"
"SHV-0120","Properati","Venta","Casa","66","2","1","No","No","21","Sumapaz","Sumapaz","2","4.249106","-74.384089","45","10","47000","154","98000","11000","156000","148800000","600000","148800000"
"SHV-0121","Metrocuadrado","Arriendo","Apartamento","66","3","3","No","No","23","Usaquén","Toberín","4","4.715387","-74.025713","180","5.58","82000","134","95000","341000","518000","372200000","2200000","2200000"
"SHV-0122","Properati","Venta","Casa","62","2","2","No","No","22","Chapinero","Pardo Rubio","3","4.652635","-74.080507","320","1","65000","127","90000","56000","211000","209000000","1080000","209000000"
"SHV-0123","Properati","Venta","Apartamento","64","2","2","No","No","49","Santa Fe","La Macarena","3","4.60394","-74.069362","290","1.98","37000","154","111000","220000","368000","212700000","1180000","212700000"
"SHV-0124","UAECD-OTC","Arriendo","Apartamento","58","2","1","No","No","42","San Cristóbal","20 de Julio","1","4.554443","-74.069551","210","4.6","21000","107","69000","77000","167000","105600000","500000","500000"
"SHV-0125","FincaRaíz","Arriendo","Apartamento","41","3","3","No","No","17","Usme","Alfonso López","1","4.459932","-74.103358","140","6.89","25000","97","37000","41000","103000","82300000","330000","330000"
"SHV-0126","FincaRaíz","Venta","Apartamento","72","2","2","Sí","Sí","60","Tunjuelito","Tunjuelito","3","4.588871","-74.125749","190","5.25","41000","150","88000","220000","349000","274500000","1380000","274500000"
"SHV-0127","UAECD-OTC","Venta","Apartamento","45","1","1","No","No","4","Bosa","El Porvenir","1","4.616948","-74.197012","160","6.24","23000","130","67000","43000","133000","77800000","390000","77800000"
"SHV-0128","Properati","Arriendo","Apartamento","33","3","2","No","Sí","53","Kennedy","Timiza","2","4.616025","-74.184952","230","3.95","34000","87","58000","1000","93000","89700000","440000","440000"
"SHV-0129","Metrocuadrado","Arriendo","Apartamento","74","2","2","No","No","19","Fontibón","Aeropuerto","4","4.664994","-74.163806","200","4.93","63000","180","140000","390000","593000","420300000","1970000","1970000"
"SHV-0130","Habi","Arriendo","Apartamento","86","3","3","No","Sí","28","Engativá","Minuto de Dios","4","4.680623","-74.104771","175","5.75","105000","230","134000","439000","678000","562800000","2530000","2530000"
"SHV-0131","Habi","Venta","Apartamento","88","3","3","Sí","No","6","Suba","Andes","4","4.72659","-74.106499","195","5.09","77000","192","141000","426000","644000","637000000","3220000","637000000"
"SHV-0132","Habi","Venta","Apartamento","106","3","2","No","Sí","60","Barrios Unidos","12 de Octubre","4","4.667641","-74.081136","265","2.8","88000","262","154000","539000","781000","785200000","3730000","785200000"
"SHV-0133","UAECD-OTC","Arriendo","Casa","82","3","2","Sí","No","60","Teusaquillo","Nicolás de Federmán","5","4.620621","-74.103507","300","1.65","172000","250","153000","0","325000","671500000","3990000","3990000"
"SHV-0134","FincaRaíz","Venta","Apartamento","66","1","1","No","No","46","Los Mártires","La Sabana","3","4.626845","-74.088893","280","2.31","39000","184","110000","231000","380000","251800000","1090000","251800000"
"SHV-0135","UAECD-OTC","Venta","Apartamento","42","2","1","No","Sí","27","Antonio Nariño","Antonio Nariño","2","4.580287","-74.10734","220","4.27","22000","129","56000","10000","88000","89400000","410000","89400000"
"SHV-0136","FincaRaíz","Venta","Apartamento","94","3","2","Sí","Sí","46","Puente Aranda","Muzú","4","4.600351","-74.131184","245","3.45","97000","218","107000","472000","676000","684400000","3140000","684400000"
"SHV-0137","Metrocuadrado","Venta","Apartamento","65","2","1","Sí","Sí","45","La Candelaria","La Candelaria","3","4.603687","-74.057089","310","1.33","78000","133","63000","159000","300000","243400000","1240000","243400000"
"SHV-0138","Metrocuadrado","Arriendo","Apartamento","63","1","1","No","No","47","Rafael Uribe Uribe","Marco Fidel Suárez","2","4.542571","-74.089594","200","4.93","63000","148","59000","63000","185000","125300000","630000","630000"
"SHV-0139","Metrocuadrado","Venta","Casa","42","1","1","No","No","22","Ciudad Bolívar","El Mochuelo","1","4.541613","-74.150364","170","5.91","42000","112","51000","0","93000","68800000","360000","68800000"
"SHV-0140","UAECD-OTC","Arriendo","Apartamento","68","2","1","No","No","37","Sumapaz","Sumapaz","2","4.250884","-74.378393","45","10","50000","115","87000","64000","201000","184600000","1090000","1090000"
"SHV-0141","Metrocuadrado","Arriendo","Apartamento","86","3","3","Sí","Sí","26","Usaquén","Toberín","5","4.687287","-74.026706","180","5.58","169000","273","228000","652000","1049000","687700000","3140000","3140000"
"SHV-0142","Metrocuadrado","Venta","Apartamento","87","3","2","Sí","Sí","33","Chapinero","El Refugio","5","4.641996","-74.074512","320","1","113000","230","208000","565000","886000","780200000","4200000","780200000"
"SHV-0143","Metrocuadrado","Venta","Apartamento","91","4","4","No","Sí","22","Santa Fe","Sagrado Corazón","3","4.59539","-74.098765","290","1.98","78000","160","92000","290000","460000","277400000","1120000","277400000"
"SHV-0144","Habi","Arriendo","Apartamento","61","2","2","No","No","17","San Cristóbal","20 de Julio","2","4.581211","-74.071955","210","4.6","48000","131","60000","86000","194000","133500000","600000","600000"
"SHV-0145","Properati","Venta","Apartamento","50","1","1","No","No","9","Usme","Comuneros","2","4.469022","-74.122839","140","6.89","31000","136","50000","60000","141000","100700000","500000","100700000"
"SHV-0146","Properati","Venta","Apartamento","60","3","3","No","No","50","Tunjuelito","Tunjuelito","3","4.588603","-74.15201","190","5.25","52000","161","62000","170000","284000","200200000","810000","200200000"
"SHV-0147","Habi","Venta","Apartamento","45","3","3","No","No","6","Bosa","Bosa Occidental","2","4.626667","-74.211899","160","6.24","47000","106","47000","38000","132000","108300000","570000","108300000"
"SHV-0148","UAECD-OTC","Venta","Casa","44","1","1","No","No","19","Kennedy","Calandaima","2","4.639448","-74.15512","230","3.95","45000","108","70000","0","115000","121200000","650000","121200000"
"SHV-0149","FincaRaíz","Venta","Casa","55","2","2","No","No","9","Fontibón","Modelia","3","4.668706","-74.149847","200","4.93","40000","116","57000","46000","143000","230600000","1270000","230600000"
"SHV-0150","UAECD-OTC","Arriendo","Apartamento","59","2","2","Sí","Sí","22","Engativá","Minuto de Dios","4","4.699808","-74.119092","175","5.75","73000","133","84000","257000","414000","444300000","2240000","2240000"
"SHV-0151","FincaRaíz","Arriendo","Apartamento","76","2","2","Sí","No","16","Suba","Tibabuyes","3","4.724007","-74.088008","195","5.09","80000","185","124000","264000","468000","304900000","1590000","1590000"
"SHV-0152","Habi","Arriendo","Apartamento","54","3","3","Sí","Sí","41","Barrios Unidos","12 de Octubre","3","4.679616","-74.065564","265","2.8","40000","126","94000","161000","295000","224400000","1080000","1080000"
"SHV-0153","Properati","Venta","Apartamento","107","2","1","Sí","Sí","57","Teusaquillo","Teusaquillo","5","4.632627","-74.114288","300","1.65","94000","263","202000","773000","1069000","1027500000","4190000","1027500000"
"SHV-0154","Habi","Venta","Apartamento","72","3","3","No","No","25","Los Mártires","La Sabana","3","4.60974","-74.094848","280","2.31","70000","175","103000","241000","414000","291100000","1220000","291100000"
"SHV-0155","UAECD-OTC","Venta","Apartamento","69","2","1","No","No","40","Antonio Nariño","Restrepo","2","4.561827","-74.085239","220","4.27","32000","151","83000","58000","173000","143300000","760000","143300000"
"SHV-0156","Properati","Venta","Casa","97","3","3","Sí","Sí","43","Puente Aranda","Muzú","4","4.634037","-74.107717","245","3.45","85000","208","154000","0","239000","737400000","4420000","737400000"
"SHV-0157","Habi","Arriendo","Apartamento","55","4","3","No","No","37","La Candelaria","La Candelaria","2","4.576121","-74.058496","310","1.33","46000","103","48000","5000","99000","121300000","490000","490000"
"SHV-0158","UAECD-OTC","Venta","Casa","83","3","2","No","Sí","45","Rafael Uribe Uribe","Marco Fidel Suárez","3","4.562808","-74.093758","200","4.93","78000","205","104000","0","182000","339200000","1740000","339200000"
"SHV-0159","Habi","Venta","Apartamento","72","3","3","No","No","8","Ciudad Bolívar","El Mochuelo","1","4.552139","-74.146715","170","5.91","33000","155","38000","11000","82000","127900000","700000","127900000"
"SHV-0160","Metrocuadrado","Venta","Apartamento","78","2","1","No","No","28","Sumapaz","Sumapaz","2","4.2686","-74.358319","45","10","57000","182","60000","50000","167000","196500000","1110000","196500000"
"SHV-0161","Metrocuadrado","Venta","Apartamento","232","3","2","Sí","Sí","8","Usaquén","Toberín","6","4.709742","-74.021136","180","5.58","271000","346","486000","2668000","3425000","3298700000","16790000","3298700000"
"SHV-0162","FincaRaíz","Arriendo","Apartamento","63","2","1","Sí","No","54","Chapinero","Chico Lago","3","4.655309","-74.046165","320","1","48000","160","93000","138000","279000","199200000","1040000","1040000"
"SHV-0163","UAECD-OTC","Venta","Apartamento","43","2","1","No","No","60","Santa Fe","La Macarena","3","4.608729","-74.090481","290","1.98","47000","110","80000","131000","258000","153800000","830000","153800000"
"SHV-0164","Habi","Arriendo","Apartamento","47","2","2","No","No","57","San Cristóbal","San Blas","1","4.534464","-74.07322","210","4.6","24000","134","31000","68000","123000","69100000","400000","400000"
"SHV-0165","FincaRaíz","Venta","Apartamento","66","1","1","No","No","29","Usme","La Flora","1","4.492673","-74.115342","140","6.89","28000","115","78000","59000","165000","125900000","530000","125900000"
"SHV-0166","Metrocuadrado","Arriendo","Apartamento","28","2","2","No","No","38","Tunjuelito","Tunjuelito","2","4.549001","-74.155842","190","5.25","41000","82","55000","16000","112000","79200000","460000","460000"
"SHV-0167","FincaRaíz","Venta","Apartamento","55","1","1","No","No","8","Bosa","Bosa Occidental","2","4.620887","-74.198524","160","6.24","32000","101","71000","35000","138000","125800000","510000","125800000"
"SHV-0168","UAECD-OTC","Venta","Apartamento","58","4","4","Sí","Sí","36","Kennedy","Américas","3","4.622043","-74.160682","230","3.95","43000","117","104000","158000","305000","215000000","1220000","215000000"
"SHV-0169","Metrocuadrado","Arriendo","Apartamento","73","2","2","Sí","Sí","12","Fontibón","Modelia","4","4.671179","-74.152886","200","4.93","83000","196","135000","376000","594000","386400000","1600000","1600000"
"SHV-0170","FincaRaíz","Arriendo","Apartamento","85","3","2","Sí","Sí","29","Engativá","Santa Cecilia","4","4.712498","-74.098677","175","5.75","102000","156","101000","380000","583000","457300000","2010000","2010000"
"SHV-0171","Metrocuadrado","Arriendo","Apartamento","33","2","1","Sí","No","16","Suba","Casa Blanca Suba","2","4.740821","-74.098665","195","5.09","43000","78","59000","14000","116000","70500000","280000","280000"
"SHV-0172","UAECD-OTC","Venta","Apartamento","85","2","2","Sí","Sí","18","Barrios Unidos","Alcázares","4","4.690753","-74.074623","265","2.8","97000","181","127000","423000","647000","512500000","2510000","512500000"
"SHV-0173","Habi","Arriendo","Apartamento","110","4","4","No","No","47","Teusaquillo","Galerías","4","4.655934","-74.119386","300","1.65","112000","243","165000","519000","796000","710300000","3320000","3320000"
"SHV-0174","UAECD-OTC","Venta","Apartamento","49","2","2","No","Sí","47","Los Mártires","La Sabana","3","4.609577","-74.11003","280","2.31","45000","107","83000","166000","294000","174700000","760000","174700000"
"SHV-0175","Properati","Venta","Apartamento","70","2","1","No","No","16","Antonio Nariño","Antonio Nariño","3","4.573446","-74.11142","220","4.27","81000","131","109000","225000","415000","316600000","1550000","316600000"
"SHV-0176","Metrocuadrado","Venta","Apartamento","50","2","1","No","No","39","Puente Aranda","Muzú","3","4.622077","-74.104203","245","3.45","58000","141","67000","108000","233000","185200000","890000","185200000"
"SHV-0177","FincaRaíz","Venta","Apartamento","67","3","2","No","No","39","La Candelaria","La Candelaria","2","4.575651","-74.053936","310","1.33","45000","135","59000","69000","173000","132100000","730000","132100000"
"SHV-0178","Metrocuadrado","Venta","Casa","46","3","2","No","No","42","Rafael Uribe Uribe","Marruecos","2","4.54505","-74.11725","200","4.93","26000","136","71000","20000","117000","101500000","590000","101500000"
"SHV-0179","Habi","Arriendo","Apartamento","25","1","1","No","No","15","Ciudad Bolívar","Tesoro","1","4.527303","-74.165674","170","5.91","21000","76","42000","16000","79000","45900000","240000","240000"
"SHV-0180","FincaRaíz","Arriendo","Apartamento","60","2","2","Sí","No","22","Sumapaz","Sumapaz","1","4.281558","-74.34158","45","10","39000","133","69000","53000","161000","111300000","470000","470000"
"SHV-0181","Habi","Venta","Apartamento","93","3","3","Sí","Sí","23","Usaquén","Country Club","4","4.681083","-74.016952","180","5.58","74000","172","155000","442000","671000","475000000","2180000","475000000"
"SHV-0182","FincaRaíz","Venta","Apartamento","78","3","2","Sí","No","39","Chapinero","Chico Lago","3","4.671114","-74.085468","320","1","80000","158","130000","172000","382000","342600000","2000000","342600000"
"SHV-0183","Habi","Venta","Casa","65","1","1","Sí","No","31","Santa Fe","Las Cruces","2","4.608364","-74.078055","290","1.98","31000","158","95000","0","126000","138000000","580000","138000000"
"SHV-0184","UAECD-OTC","Arriendo","Apartamento","39","1","1","Sí","No","33","San Cristóbal","San Blas","2","4.551202","-74.079717","210","4.6","27000","126","61000","37000","125000","97300000","470000","470000"
"SHV-0185","FincaRaíz","Arriendo","Apartamento","43","3","3","No","No","26","Usme","Comuneros","1","4.459007","-74.120157","140","6.89","38000","83","59000","4000","101000","73800000","430000","430000"
"SHV-0186","Metrocuadrado","Venta","Casa","88","3","3","No","No","28","Tunjuelito","Venecia","3","4.587699","-74.16059","190","5.25","69000","159","72000","0","141000","375400000","2220000","375400000"
"SHV-0187","UAECD-OTC","Venta","Casa","38","3","2","No","No","18","Bosa","Bosa Occidental","1","4.595996","-74.200101","160","6.24","25000","103","42000","0","67000","75000000","360000","75000000"
"SHV-0188","UAECD-OTC","Arriendo","Apartamento","68","2","2","No","No","26","Kennedy","Calandaima","3","4.61968","-74.140904","230","3.95","47000","138","85000","186000","318000","259100000","1380000","1380000"
"SHV-0189","UAECD-OTC","Venta","Casa","64","2","2","Sí","No","29","Fontibón","Aeropuerto","4","4.683277","-74.132277","200","4.93","68000","157","140000","0","208000","440600000","2160000","440600000"
"SHV-0190","Metrocuadrado","Arriendo","Casa","64","4","4","No","No","25","Engativá","Engativá","3","4.722834","-74.133968","175","5.75","67000","185","112000","79000","258000","281800000","1550000","1550000"
"SHV-0191","UAECD-OTC","Venta","Apartamento","90","1","1","Sí","Sí","20","Suba","Casa Blanca Suba","4","4.728477","-74.11261","195","5.09","88000","217","134000","450000","672000","616900000","2510000","616900000"
"SHV-0192","Metrocuadrado","Arriendo","Apartamento","56","2","2","Sí","Sí","38","Barrios Unidos","Los Andes","3","4.664564","-74.06604","265","2.8","53000","119","66000","173000","292000","219900000","940000","940000"
"SHV-0193","Habi","Venta","Apartamento","120","3","2","Sí","Sí","25","Teusaquillo","Teusaquillo","5","4.662264","-74.075339","300","1.65","132000","235","305000","936000","1373000","941400000","4920000","941400000"
"SHV-0194","FincaRaíz","Arriendo","Apartamento","42","1","1","No","No","28","Los Mártires","La Sabana","3","4.585796","-74.096355","280","2.31","35000","114","55000","119000","209000","177300000","790000","790000"
"SHV-0195","FincaRaíz","Arriendo","Apartamento","69","3","2","Sí","No","25","Antonio Nariño","Antonio Nariño","3","4.578679","-74.120225","220","4.27","55000","158","84000","225000","364000","239800000","1280000","1280000"
"SHV-0196","UAECD-OTC","Arriendo","Apartamento","107","2","1","No","No","37","Puente Aranda","Ciudad Montes","4","4.598082","-74.098388","245","3.45","68000","245","157000","567000","792000","675800000","3180000","3180000"
"SHV-0197","Properati","Arriendo","Apartamento","84","3","3","Sí","No","35","La Candelaria","La Candelaria","3","4.594813","-74.096052","310","1.33","72000","136","97000","203000","372000","311900000","1800000","1800000"
"SHV-0198","UAECD-OTC","Venta","Apartamento","51","3","3","No","No","25","Rafael Uribe Uribe","Quiroga","2","4.539394","-74.103248","200","4.93","34000","125","52000","41000","127000","109400000","620000","109400000"
"SHV-0199","UAECD-OTC","Venta","Apartamento","38","3","3","No","No","13","Ciudad Bolívar","Arborizadora","2","4.524722","-74.17859","170","5.91","35000","104","63000","2000","100000","87400000","440000","87400000"
"SHV-0200","Metrocuadrado","Arriendo","Apartamento","65","2","1","No","No","14","Sumapaz","Sumapaz","2","4.25461","-74.369851","45","10","56000","132","66000","70000","192000","169700000","940000","940000"
"SHV-0201","FincaRaíz","Arriendo","Apartamento","163","4","4","Sí","No","9","Usaquén","Usaquén","5","4.693547","-74.013858","180","5.58","139000","343","235000","1163000","1537000","1213900000","5510000","5510000"
"SHV-0202","FincaRaíz","Venta","Apartamento","232","3","2","Sí","Sí","34","Chapinero","El Refugio","6","4.661975","-74.044641","320","1","240000","318","579000","2099000","2918000","2991300000","14920000","2991300000"
"SHV-0203","UAECD-OTC","Venta","Apartamento","50","2","1","No","No","54","Santa Fe","Las Cruces","2","4.577654","-74.100472","290","1.98","30000","98","45000","41000","116000","119800000","530000","119800000"
"SHV-0204","FincaRaíz","Venta","Casa","67","2","1","Sí","No","38","San Cristóbal","20 de Julio","2","4.542176","-74.063275","210","4.6","66000","166","65000","0","131000","149500000","860000","149500000"
"SHV-0205","Properati","Venta","Apartamento","73","2","2","No","No","13","Usme","La Flora","2","4.479664","-74.109769","140","6.89","35000","147","99000","36000","170000","199000000","1120000","199000000"
"SHV-0206","Habi","Arriendo","Casa","53","3","3","Sí","No","34","Tunjuelito","Venecia","3","4.56495","-74.15109","190","5.25","61000","167","105000","0","166000","206100000","1200000","1200000"
"SHV-0207","FincaRaíz","Venta","Apartamento","53","2","1","No","No","16","Bosa","Apogeo","2","4.619087","-74.207186","160","6.24","45000","123","62000","74000","181000","131200000","760000","131200000"
"SHV-0208","Habi","Arriendo","Apartamento","38","1","1","No","No","20","Kennedy","Timiza","2","4.650873","-74.175029","230","3.95","48000","107","70000","36000","154000","100500000","590000","590000"
"SHV-0209","Habi","Arriendo","Casa","94","2","1","Sí","No","23","Fontibón","Aeropuerto","4","4.692032","-74.129175","200","4.93","101000","206","150000","0","251000","514000000","2290000","2290000"
"SHV-0210","FincaRaíz","Arriendo","Apartamento","71","2","2","Sí","Sí","20","Engativá","Minuto de Dios","4","4.694584","-74.111721","175","5.75","68000","214","111000","323000","502000","383900000","2250000","2250000"
"SHV-0211","FincaRaíz","Venta","Apartamento","99","2","2","No","No","5","Suba","Casa Blanca Suba","3","4.733133","-74.06664","195","5.09","57000","157","136000","215000","408000","312400000","1610000","312400000"
"SHV-0212","Habi","Venta","Apartamento","64","2","1","No","No","45","Barrios Unidos","12 de Octubre","3","4.681261","-74.067012","265","2.8","74000","166","87000","213000","374000","232400000","1130000","232400000"
"SHV-0213","UAECD-OTC","Venta","Apartamento","90","2","2","Sí","Sí","60","Teusaquillo","Galerías","4","4.646837","-74.088666","300","1.65","74000","238","104000","367000","545000","492800000","2520000","492800000"
"SHV-0214","FincaRaíz","Venta","Casa","75","2","2","Sí","No","26","Los Mártires","Ricaurte","3","4.625399","-74.066226","280","2.31","56000","176","127000","105000","288000","329700000","1540000","329700000"
"SHV-0215","Habi","Arriendo","Apartamento","58","2","2","No","Sí","28","Antonio Nariño","Antonio Nariño","2","4.561158","-74.090444","220","4.27","56000","148","70000","41000","167000","123000000","560000","560000"
"SHV-0216","Habi","Arriendo","Apartamento","93","3","2","Sí","No","31","Puente Aranda","Ciudad Montes","4","4.602656","-74.10124","245","3.45","74000","201","102000","376000","552000","687500000","3080000","3080000"
"SHV-0217","Metrocuadrado","Venta","Apartamento","59","4","3","No","No","14","La Candelaria","La Candelaria","2","4.595887","-74.06955","310","1.33","49000","116","71000","55000","175000","127600000","530000","127600000"
"SHV-0218","FincaRaíz","Arriendo","Apartamento","82","3","3","No","No","49","Rafael Uribe Uribe","Quiroga","2","4.565451","-74.125543","200","4.93","61000","170","55000","51000","167000","211400000","1060000","1060000"
"SHV-0219","Habi","Venta","Casa","41","3","3","Sí","No","22","Ciudad Bolívar","Lucero","1","4.522011","-74.152162","170","5.91","33000","118","58000","0","91000","79200000","460000","79200000"
"SHV-0220","FincaRaíz","Venta","Casa","37","3","2","No","No","7","Sumapaz","Sumapaz","2","4.251692","-74.369987","45","10","24000","114","60000","19000","103000","85400000","450000","85400000"
"SHV-0221","Properati","Arriendo","Casa","69","3","2","Sí","No","15","Usaquén","Toberín","4","4.723561","-74.031866","180","5.58","65000","148","146000","0","211000","426300000","2150000","2150000"
"SHV-0222","FincaRaíz","Venta","Apartamento","54","3","3","No","No","23","Chapinero","Chico Lago","3","4.637081","-74.072288","320","1","43000","161","90000","116000","249000","213600000","1040000","213600000"
"SHV-0223","Habi","Venta","Apartamento","82","3","3","Sí","No","60","Santa Fe","Lourdes","3","4.609186","-74.07093","290","1.98","49000","186","126000","189000","364000","276200000","1360000","276200000"
"SHV-0224","Metrocuadrado","Venta","Casa","55","1","1","No","No","18","San Cristóbal","La Gloria","2","4.559346","-74.080475","210","4.6","25000","147","50000","0","75000","119900000","530000","119900000"
"SHV-0225","Habi","Venta","Casa","49","2","1","No","No","15","Usme","La Flora","1","4.474617","-74.125143","140","6.89","32000","119","69000","0","101000","93300000","530000","93300000"
"SHV-0226","Properati","Arriendo","Apartamento","89","2","1","No","No","41","Tunjuelito","Venecia","3","4.577796","-74.156299","190","5.25","83000","203","87000","286000","456000","305100000","1340000","1340000"
"SHV-0227","UAECD-OTC","Arriendo","Apartamento","54","2","2","No","No","10","Bosa","Bosa Central","1","4.625543","-74.214623","160","6.24","44000","108","40000","43000","127000","84800000","460000","460000"
"SHV-0228","Habi","Venta","Casa","41","2","2","No","No","18","Kennedy","Timiza","2","4.601217","-74.151189","230","3.95","35000","87","57000","8000","100000","101600000","560000","101600000"
"SHV-0229","UAECD-OTC","Arriendo","Apartamento","91","4","3","Sí","Sí","14","Fontibón","Modelia","4","4.698975","-74.127204","200","4.93","77000","226","117000","431000","625000","613800000","3160000","3160000"
"SHV-0230","UAECD-OTC","Venta","Apartamento","52","2","2","No","No","16","Engativá","Garcés Navas","3","4.686486","-74.105281","175","5.75","46000","134","80000","112000","238000","172900000","990000","172900000"
"SHV-0231","Habi","Arriendo","Apartamento","145","1","1","Sí","Sí","9","Suba","Tibabuyes","5","4.730296","-74.073635","195","5.09","175000","276","358000","926000","1459000","1152800000","5280000","5280000"
"SHV-0232","Metrocuadrado","Arriendo","Apartamento","63","3","3","No","No","58","Barrios Unidos","Alcázares","3","4.643615","-74.065299","265","2.8","56000","152","61000","184000","301000","200300000","1150000","1150000"
"SHV-0233","UAECD-OTC","Venta","Apartamento","94","2","1","Sí","No","2","Teusaquillo","Nicolás de Federmán","5","4.633828","-74.080594","300","1.65","179000","248","281000","629000","1089000","905900000","4950000","905900000"
"SHV-0234","Habi","Venta","Apartamento","72","1","1","No","No","45","Los Mártires","La Sabana","2","4.595709","-74.107129","280","2.31","32000","125","65000","74000","171000","181300000","1010000","181300000"
"SHV-0235","UAECD-OTC","Arriendo","Apartamento","44","3","2","No","No","27","Antonio Nariño","Antonio Nariño","3","4.556997","-74.079569","220","4.27","37000","139","50000","137000","224000","196000000","1040000","1040000"
"SHV-0236","Metrocuadrado","Venta","Apartamento","75","3","2","Sí","Sí","21","Puente Aranda","Puente Aranda","3","4.622154","-74.115829","245","3.45","71000","172","110000","234000","415000","265700000","1510000","265700000"
"SHV-0237","UAECD-OTC","Venta","Apartamento","42","3","2","No","No","35","La Candelaria","La Candelaria","2","4.593283","-74.054775","310","1.33","33000","110","55000","3000","91000","119500000","720000","119500000"
"SHV-0238","FincaRaíz","Arriendo","Apartamento","62","4","4","No","No","41","Rafael Uribe Uribe","Marruecos","3","4.534193","-74.088086","200","4.93","69000","152","66000","142000","277000","212900000","1030000","1030000"
"SHV-0239","UAECD-OTC","Venta","Apartamento","69","2","2","No","No","11","Ciudad Bolívar","Arborizadora","2","4.514279","-74.144563","170","5.91","37000","164","77000","82000","196000","153000000","860000","153000000"
"SHV-0240","Metrocuadrado","Arriendo","Casa","47","2","2","No","No","18","Sumapaz","Sumapaz","1","4.266382","-74.367444","45","10","34000","122","61000","0","95000","80500000","440000","440000"
"SHV-0241","Habi","Venta","Apartamento","125","4","3","Sí","No","21","Usaquén","La Uribe","5","4.683307","-74.016655","180","5.58","200000","321","237000","898000","1335000","1182300000","5800000","1182300000"
"SHV-0242","Metrocuadrado","Venta","Apartamento","126","3","3","Sí","No","33","Chapinero","Chapinero","4","4.657864","-74.042292","320","1","107000","209","178000","571000","856000","735800000","4310000","735800000"
"SHV-0243","UAECD-OTC","Venta","Casa","56","3","3","Sí","Sí","60","Santa Fe","Las Cruces","3","4.613415","-74.057823","290","1.98","47000","125","86000","0","133000","219700000","1050000","219700000"
"SHV-0244","Properati","Venta","Apartamento","75","2","1","No","No","58","San Cristóbal","La Gloria","2","4.548533","-74.104632","210","4.6","67000","179","53000","32000","152000","208800000","1070000","208800000"
"SHV-0245","Habi","Arriendo","Apartamento","42","2","1","No","No","11","Usme","Alfonso López","2","4.484817","-74.137716","140","6.89","49000","116","51000","43000","143000","84800000","360000","360000"
"SHV-0246","Metrocuadrado","Venta","Apartamento","44","3","3","No","No","32","Tunjuelito","Venecia","3","4.564268","-74.123262","190","5.25","64000","114","84000","118000","266000","134200000","600000","134200000"
"SHV-0247","UAECD-OTC","Arriendo","Apartamento","50","2","2","No","No","6","Bosa","Apogeo","1","4.637479","-74.192419","160","6.24","27000","96","44000","2000","73000","75300000","430000","430000"
"SHV-0248","FincaRaíz","Venta","Apartamento","70","3","3","No","Sí","19","Kennedy","Carvajal","3","4.624235","-74.162479","230","3.95","38000","151","64000","161000","263000","252500000","1210000","252500000"
"SHV-0249","UAECD-OTC","Arriendo","Apartamento","92","2","2","Sí","No","26","Fontibón","Granjas de Techo","4","4.652021","-74.134926","200","4.93","90000","233","148000","406000","644000","524000000","2510000","2510000"
"SHV-0250","Properati","Venta","Casa","86","3","3","Sí","Sí","18","Engativá","Minuto de Dios","4","4.704932","-74.112492","175","5.75","71000","203","129000","0","200000","533300000","2400000","533300000"
"SHV-0251","Properati","Arriendo","Apartamento","106","3","2","Sí","Sí","19","Suba","Tibabuyes","5","4.71633","-74.071898","195","5.09","123000","201","209000","743000","1075000","860100000","4290000","4290000"
"SHV-0252","UAECD-OTC","Venta","Casa","101","1","1","Sí","Sí","36","Barrios Unidos","12 de Octubre","4","4.652535","-74.097938","265","2.8","74000","202","177000","0","251000","682100000","3830000","682100000"
"SHV-0253","FincaRaíz","Venta","Apartamento","171","4","4","Sí","Sí","23","Teusaquillo","Teusaquillo","5","4.661462","-74.088119","300","1.65","174000","343","233000","1077000","1484000","1703500000","9860000","1703500000"
"SHV-0254","UAECD-OTC","Arriendo","Apartamento","80","2","1","Sí","Sí","24","Los Mártires","La Sabana","3","4.617209","-74.098866","280","2.31","45000","134","96000","244000","385000","332400000","1380000","1380000"
"SHV-0255","Properati","Venta","Casa","75","2","2","Sí","No","53","Antonio Nariño","Antonio Nariño","2","4.578793","-74.095263","220","4.27","63000","130","105000","11000","179000","187800000","970000","187800000"
"SHV-0256","Properati","Arriendo","Apartamento","90","3","2","Sí","No","57","Puente Aranda","Muzú","4","4.629882","-74.114552","245","3.45","101000","205","156000","458000","715000","624200000","3080000","3080000"
"SHV-0257","UAECD-OTC","Arriendo","Apartamento","48","3","3","No","No","60","La Candelaria","La Candelaria","2","4.585163","-74.056162","310","1.33","47000","103","44000","47000","138000","119700000","630000","630000"
"SHV-0258","Habi","Venta","Apartamento","53","3","3","No","No","28","Rafael Uribe Uribe","Marruecos","3","4.574749","-74.111822","200","4.93","56000","135","91000","134000","281000","208300000","1020000","208300000"
"SHV-0259","Metrocuadrado","Arriendo","Casa","44","2","2","Sí","No","9","Ciudad Bolívar","Tesoro","2","4.540789","-74.14325","170","5.91","27000","121","53000","0","80000","92600000","440000","440000"
"SHV-0260","Metrocuadrado","Arriendo","Apartamento","35","2","2","No","No","32","Sumapaz","Sumapaz","1","4.269583","-74.359988","45","10","32000","113","37000","43000","112000","57100000","280000","280000"
"SHV-0261","Metrocuadrado","Arriendo","Apartamento","68","2","2","No","Sí","7","Usaquén","Toberín","4","4.699949","-74.045915","180","5.58","56000","176","89000","301000","446000","376900000","1950000","1950000"
"SHV-0262","Habi","Venta","Apartamento","101","4","4","Sí","Sí","16","Chapinero","El Refugio","5","4.641656","-74.068243","320","1","92000","215","296000","696000","1084000","768800000","3850000","768800000"
"SHV-0263","Properati","Venta","Apartamento","62","2","2","No","No","45","Santa Fe","Las Cruces","2","4.598738","-74.082802","290","1.98","28000","118","63000","89000","180000","133700000","660000","133700000"
"SHV-0264","Habi","Arriendo","Apartamento","70","2","2","No","No","54","San Cristóbal","San Blas","2","4.572498","-74.070126","210","4.6","54000","147","70000","53000","177000","167200000","940000","940000"
"SHV-0265","FincaRaíz","Venta","Apartamento","59","1","1","Sí","No","11","Usme","Alfonso López","2","4.479825","-74.152514","140","6.89","49000","151","79000","65000","193000","166300000","910000","166300000"
"SHV-0266","UAECD-OTC","Arriendo","Casa","58","3","2","Sí","Sí","39","Tunjuelito","Tunjuelito","3","4.553743","-74.149897","190","5.25","63000","114","107000","54000","224000","264300000","1240000","1240000"
"SHV-0267","Properati","Venta","Casa","62","2","1","No","No","6","Bosa","El Porvenir","1","4.61356","-74.208229","160","6.24","46000","104","54000","0","100000","113400000","640000","113400000"
"SHV-0268","Habi","Venta","Apartamento","70","1","1","No","Sí","32","Kennedy","Américas","2","4.618364","-74.14498","230","3.95","43000","137","63000","74000","180000","169400000","970000","169400000"
"SHV-0269","Metrocuadrado","Venta","Apartamento","54","2","2","No","No","15","Fontibón","Granjas de Techo","3","4.661857","-74.149433","200","4.93","42000","145","71000","117000","230000","207600000","890000","207600000"
"SHV-0270","Habi","Arriendo","Apartamento","99","3","2","No","Sí","31","Engativá","Garcés Navas","4","4.703767","-74.098185","175","5.75","90000","250","170000","406000","666000","698300000","3610000","3610000"
"SHV-0271","Habi","Venta","Apartamento","145","2","2","Sí","Sí","18","Suba","Niza","5","4.728549","-74.073075","195","5.09","175000","274","303000","1027000","1505000","1236200000","5650000","1236200000"
"SHV-0272","Metrocuadrado","Venta","Apartamento","108","3","3","No","Sí","27","Barrios Unidos","Los Andes","4","4.662588","-74.088445","265","2.8","94000","191","154000","543000","791000","571400000","3130000","571400000"
"SHV-0273","Habi","Arriendo","Apartamento","143","4","3","Sí","Sí","50","Teusaquillo","Teusaquillo","5","4.627326","-74.088414","300","1.65","113000","236","194000","934000","1241000","1413800000","6330000","6330000"
"SHV-0274","Metrocuadrado","Arriendo","Apartamento","72","3","2","No","Sí","60","Los Mártires","Ricaurte","3","4.625385","-74.076951","280","2.31","63000","178","125000","205000","393000","251500000","1340000","1340000"
"SHV-0275","Habi","Arriendo","Apartamento","68","1","1","No","No","37","Antonio Nariño","Antonio Nariño","2","4.574852","-74.121222","220","4.27","46000","134","73000","24000","143000","180900000","820000","820000"
"SHV-0276","UAECD-OTC","Arriendo","Casa","116","3","2","No","Sí","42","Puente Aranda","Ciudad Montes","4","4.601321","-74.109663","245","3.45","101000","271","145000","0","246000","863400000","4340000","4340000"
"SHV-0277","UAECD-OTC","Venta","Apartamento","42","2","1","No","No","45","La Candelaria","La Candelaria","2","4.602552","-74.068207","310","1.33","37000","89","65000","18000","120000","109200000","640000","109200000"
"SHV-0278","Properati","Venta","Apartamento","67","3","2","Sí","No","29","Rafael Uribe Uribe","Marruecos","2","4.546338","-74.106245","200","4.93","37000","126","66000","43000","146000","160500000","760000","160500000"
"SHV-0279","Habi","Arriendo","Casa","41","2","2","No","No","8","Ciudad Bolívar","Tesoro","2","4.516495","-74.150253","170","5.91","31000","119","76000","0","107000","104000000","600000","600000"
"SHV-0280","Metrocuadrado","Venta","Apartamento","38","2","1","No","No","21","Sumapaz","Sumapaz","2","4.288674","-74.38088","45","10","33000","100","74000","21000","128000","79300000","470000","79300000"
"SHV-0281","FincaRaíz","Arriendo","Apartamento","145","1","1","Sí","Sí","18","Usaquén","Usaquén","5","4.684252","-74.034079","180","5.58","225000","257","282000","1048000","1555000","1153100000","6630000","6630000"
"SHV-0282","Metrocuadrado","Venta","Apartamento","71","3","2","No","Sí","21","Chapinero","Chapinero","3","4.662783","-74.084431","320","1","52000","167","116000","162000","330000","296200000","1280000","296200000"
"SHV-0283","Habi","Arriendo","Casa","51","2","1","No","No","34","Santa Fe","Sagrado Corazón","2","4.612766","-74.098302","290","1.98","44000","105","49000","0","93000","112600000","630000","630000"
"SHV-0284","FincaRaíz","Venta","Casa","43","2","2","No","No","36","San Cristóbal","Los Libertadores","1","4.582664","-74.096202","210","4.6","29000","123","62000","0","91000","83600000","340000","83600000"
"SHV-0285","Habi","Arriendo","Casa","51","4","4","Sí","No","10","Usme","Gran Yomasa","2","4.466436","-74.128004","140","6.89","56000","102","58000","42000","156000","134800000","650000","650000"
"SHV-0286","Properati","Venta","Apartamento","73","1","1","No","No","38","Tunjuelito","Tunjuelito","3","4.543068","-74.143112","190","5.25","64000","179","105000","220000","389000","313200000","1800000","313200000"
"SHV-0287","Metrocuadrado","Arriendo","Casa","52","2","2","No","No","16","Bosa","Bosa Occidental","2","4.598444","-74.216249","160","6.24","43000","102","53000","14000","110000","136000000","730000","730000"
"SHV-0288","FincaRaíz","Arriendo","Apartamento","55","2","1","Sí","No","14","Kennedy","Carvajal","3","4.627203","-74.163123","230","3.95","59000","110","77000","116000","252000","227300000","1150000","1150000"
"SHV-0289","Properati","Venta","Apartamento","56","2","1","Sí","Sí","14","Fontibón","Modelia","3","4.659581","-74.171409","200","4.93","73000","115","95000","194000","362000","248300000","1190000","248300000"
"SHV-0290","Metrocuadrado","Venta","Casa","55","3","2","No","No","17","Engativá","Minuto de Dios","3","4.703901","-74.094088","175","5.75","51000","155","100000","53000","204000","227200000","1280000","227200000"
"SHV-0291","UAECD-OTC","Arriendo","Apartamento","54","4","3","No","No","10","Suba","Tibabuyes","3","4.735267","-74.106344","195","5.09","58000","161","71000","123000","252000","240700000","1300000","1300000"
"SHV-0292","Habi","Venta","Apartamento","68","3","2","Sí","No","50","Barrios Unidos","Alcázares","4","4.658876","-74.098091","265","2.8","91000","137","137000","341000","569000","356000000","1760000","356000000"
"SHV-0293","Habi","Arriendo","Apartamento","55","3","2","Sí","Sí","33","Teusaquillo","Teusaquillo","4","4.640281","-74.101247","300","1.65","71000","175","121000","241000","433000","329300000","1900000","1900000"
"SHV-0294","Habi","Venta","Apartamento","47","2","2","Sí","No","60","Los Mártires","La Sabana","2","4.623786","-74.114915","280","2.31","47000","126","49000","57000","153000","103000000","460000","103000000"
"SHV-0295","UAECD-OTC","Venta","Apartamento","66","2","1","Sí","No","52","Antonio Nariño","Antonio Nariño","3","4.583524","-74.097547","220","4.27","61000","172","120000","133000","314000","218600000","950000","218600000"
"SHV-0296","Properati","Arriendo","Apartamento","74","3","3","No","Sí","23","Puente Aranda","Muzú","4","4.634006","-74.089906","245","3.45","99000","216","113000","379000","591000","531300000","2810000","2810000"
"SHV-0297","Properati","Venta","Apartamento","45","3","3","Sí","No","47","La Candelaria","La Candelaria","2","4.597219","-74.084034","310","1.33","48000","121","61000","30000","139000","111700000","660000","111700000"
"SHV-0298","UAECD-OTC","Venta","Apartamento","47","2","1","No","No","34","Rafael Uribe Uribe","Marco Fidel Suárez","2","4.548808","-74.109207","200","4.93","27000","119","65000","50000","142000","114700000","520000","114700000"
"SHV-0299","UAECD-OTC","Venta","Apartamento","31","2","2","No","No","25","Ciudad Bolívar","El Mochuelo","1","4.516116","-74.172687","170","5.91","36000","90","25000","35000","96000","60200000","270000","60200000"
"SHV-0300","Metrocuadrado","Arriendo","Casa","54","1","1","Sí","Sí","27","Sumapaz","Sumapaz","2","4.268023","-74.343789","45","10","47000","126","64000","3000","114000","147200000","630000","630000"
"SHV-0301","Habi","Arriendo","Casa","102","2","1","Sí","Sí","28","Usaquén","Country Club","5","4.693256","-74.03244","180","5.58","181000","317","172000","0","353000","824100000","4710000","4710000"
"SHV-0302","Habi","Arriendo","Apartamento","71","3","3","Sí","No","25","Chapinero","Chico Lago","4","4.638201","-74.048541","320","1","92000","169","159000","366000","617000","387200000","1720000","1720000"
"SHV-0303","Properati","Arriendo","Apartamento","57","2","2","Sí","No","7","Santa Fe","Las Cruces","3","4.62499","-74.077573","290","1.98","46000","156","107000","143000","296000","226100000","1130000","1130000"
"SHV-0304","UAECD-OTC","Arriendo","Casa","46","3","2","No","No","30","San Cristóbal","La Gloria","1","4.551339","-74.090404","210","4.6","42000","106","47000","0","89000","73900000","440000","440000"
"SHV-0305","UAECD-OTC","Venta","Apartamento","52","2","2","No","No","13","Usme","Comuneros","2","4.461585","-74.108141","140","6.89","41000","105","56000","37000","134000","124500000","500000","124500000"
"SHV-0306","FincaRaíz","Venta","Apartamento","47","4","4","No","No","31","Tunjuelito","Tunjuelito","2","4.55745","-74.126743","190","5.25","42000","118","53000","2000","97000","104700000","540000","104700000"
"SHV-0307","UAECD-OTC","Arriendo","Apartamento","64","2","1","No","No","9","Bosa","Bosa Occidental","2","4.631354","-74.185728","160","6.24","28000","111","97000","65000","190000","147600000","740000","740000"
"SHV-0308","Properati","Arriendo","Apartamento","73","2","1","Sí","No","32","Kennedy","Américas","3","4.629352","-74.176454","230","3.95","49000","180","94000","163000","306000","274700000","1540000","1540000"
"SHV-0309","Habi","Venta","Apartamento","65","2","1","Sí","No","19","Fontibón","Aeropuerto","3","4.659663","-74.171389","200","4.93","79000","172","103000","151000","333000","248800000","1170000","248800000"
"SHV-0310","UAECD-OTC","Venta","Apartamento","139","3","2","Sí","No","10","Engativá","Garcés Navas","4","4.697378","-74.102189","175","5.75","88000","201","189000","707000","984000","791300000","3810000","791300000"
"SHV-0311","Properati","Venta","Apartamento","61","2","2","No","No","13","Suba","Suba","2","4.738845","-74.072112","195","5.09","60000","159","91000","31000","182000","142100000","620000","142100000"
"SHV-0312","Properati","Venta","Apartamento","80","2","1","Sí","No","24","Barrios Unidos","12 de Octubre","3","4.656721","-74.060048","265","2.8","49000","189","101000","265000","415000","317200000","1740000","317200000"
"SHV-0313","Habi","Arriendo","Apartamento","83","2","1","Sí","Sí","28","Teusaquillo","Nicolás de Federmán","5","4.635544","-74.111056","300","1.65","100000","287","222000","554000","876000","747400000","4160000","4160000"
"SHV-0314","FincaRaíz","Arriendo","Apartamento","72","2","2","No","No","41","Los Mártires","Ricaurte","2","4.617344","-74.06724","280","2.31","67000","118","55000","103000","225000","174900000","750000","750000"
"SHV-0315","Properati","Venta","Casa","65","2","2","No","Sí","41","Antonio Nariño","Restrepo","2","4.570403","-74.089492","220","4.27","27000","134","81000","0","108000","173400000","830000","173400000"
"SHV-0316","Metrocuadrado","Arriendo","Apartamento","65","3","3","No","No","35","Puente Aranda","Muzú","3","4.624443","-74.112214","245","3.45","71000","172","106000","189000","366000","301900000","1750000","1750000"
"SHV-0317","FincaRaíz","Arriendo","Apartamento","47","2","2","Sí","No","41","La Candelaria","La Candelaria","3","4.578269","-74.098378","310","1.33","35000","106","93000","106000","234000","212800000","850000","850000"
"SHV-0318","Habi","Venta","Casa","50","2","1","No","No","45","Rafael Uribe Uribe","Quiroga","3","4.560948","-74.086426","200","4.93","62000","109","54000","0","116000","174000000","800000","174000000"
"SHV-0319","UAECD-OTC","Arriendo","Casa","51","3","3","No","No","18","Ciudad Bolívar","Tesoro","2","4.530232","-74.151209","170","5.91","31000","96","63000","0","94000","120900000","620000","620000"
"SHV-0320","FincaRaíz","Venta","Apartamento","71","3","3","No","No","23","Sumapaz","Sumapaz","2","4.276714","-74.36518","45","10","36000","163","86000","27000","149000","157400000","730000","157400000"
"SHV-0321","Properati","Venta","Apartamento","114","1","1","Sí","Sí","14","Usaquén","Toberín","6","4.698702","-74.03931","180","5.58","188000","250","238000","1281000","1707000","1641700000","7460000","1641700000"
"SHV-0322","Properati","Arriendo","Apartamento","57","2","2","No","No","39","Chapinero","Pardo Rubio","3","4.633701","-74.046309","320","1","41000","136","61000","136000","238000","229000000","1130000","1130000"
"SHV-0323","FincaRaíz","Arriendo","Apartamento","53","2","1","No","No","44","Santa Fe","Lourdes","2","4.604247","-74.06909","290","1.98","51000","107","71000","49000","171000","118600000","520000","520000"
"SHV-0324","UAECD-OTC","Venta","Casa","58","2","2","No","No","38","San Cristóbal","Los Libertadores","2","4.56376","-74.06477","210","4.6","47000","155","87000","29000","163000","145400000","740000","145400000"
"SHV-0325","Metrocuadrado","Venta","Apartamento","60","2","2","No","No","2","Usme","Comuneros","2","4.459612","-74.113753","140","6.89","33000","107","50000","33000","116000","160500000","870000","160500000"
"SHV-0326","Habi","Venta","Apartamento","58","1","1","No","No","36","Tunjuelito","Tunjuelito","2","4.578229","-74.139032","190","5.25","55000","149","62000","18000","135000","121400000","630000","121400000"
"SHV-0327","UAECD-OTC","Venta","Apartamento","48","2","1","No","No","16","Bosa","Bosa Central","1","4.626943","-74.213508","160","6.24","24000","112","58000","28000","110000","79600000","330000","79600000"
"SHV-0328","Metrocuadrado","Arriendo","Apartamento","60","1","1","No","Sí","28","Kennedy","Castilla","3","4.608078","-74.152782","230","3.95","75000","151","77000","208000","360000","247400000","1410000","1410000"
"SHV-0329","FincaRaíz","Arriendo","Apartamento","55","3","2","Sí","No","12","Fontibón","Modelia","4","4.658949","-74.143194","200","4.93","56000","178","116000","222000","394000","331600000","1440000","1440000"
"SHV-0330","Habi","Venta","Apartamento","57","2","2","Sí","No","14","Engativá","Santa Cecilia","3","4.680863","-74.12548","175","5.75","62000","162","108000","117000","287000","195200000","1080000","195200000"
"SHV-0331","Habi","Venta","Apartamento","109","4","3","No","No","22","Suba","Suba","4","4.740375","-74.112732","195","5.09","85000","254","116000","551000","752000","606400000","2860000","606400000"
"SHV-0332","UAECD-OTC","Arriendo","Apartamento","54","3","3","Sí","No","35","Barrios Unidos","12 de Octubre","4","4.671527","-74.094071","265","2.8","62000","144","95000","296000","453000","355800000","1980000","1980000"
"SHV-0333","Properati","Venta","Apartamento","116","3","2","Sí","Sí","33","Teusaquillo","Galerías","4","4.646131","-74.116105","300","1.65","100000","229","154000","506000","760000","833600000","3680000","833600000"
"SHV-0334","FincaRaíz","Venta","Apartamento","76","3","3","No","No","52","Los Mártires","Ricaurte","3","4.613249","-74.112926","280","2.31","42000","155","91000","235000","368000","235200000","1030000","235200000"
"SHV-0335","Metrocuadrado","Venta","Apartamento","53","2","1","No","No","60","Antonio Nariño","Restrepo","3","4.583514","-74.08034","220","4.27","60000","126","102000","167000","329000","165100000","820000","165100000"
"SHV-0336","FincaRaíz","Venta","Apartamento","41","1","1","No","No","50","Puente Aranda","Ciudad Montes","3","4.623002","-74.087065","245","3.45","49000","139","70000","86000","205000","165800000","670000","165800000"
"SHV-0337","Properati","Arriendo","Apartamento","91","2","2","Sí","Sí","36","La Candelaria","La Candelaria","3","4.580411","-74.08077","310","1.33","59000","163","91000","205000","355000","335000000","1490000","1490000"
"SHV-0338","UAECD-OTC","Venta","Apartamento","66","3","2","Sí","Sí","42","Rafael Uribe Uribe","Quiroga","3","4.562221","-74.111715","200","4.93","47000","179","115000","170000","332000","291000000","1590000","291000000"
"SHV-0339","Properati","Venta","Apartamento","58","2","1","Sí","No","20","Ciudad Bolívar","Tesoro","2","4.550328","-74.157182","170","5.91","38000","140","92000","10000","140000","123000000","700000","123000000"
"SHV-0340","UAECD-OTC","Venta","Apartamento","25","2","1","No","No","17","Sumapaz","Sumapaz","1","4.258262","-74.358467","45","10","29000","71","26000","9000","64000","43700000","180000","43700000"
"SHV-0341","UAECD-OTC","Venta","Apartamento","192","2","1","Sí","Sí","12","Usaquén","Usaquén","6","4.699051","-74.007971","180","5.58","262000","508","510000","2009000","2781000","2397900000","13820000","2397900000"
"SHV-0342","Properati","Arriendo","Apartamento","69","2","1","Sí","No","45","Chapinero","Chapinero","3","4.648238","-74.081659","320","1","69000","136","96000","228000","393000","258300000","1450000","1450000"
"SHV-0343","Properati","Arriendo","Apartamento","38","3","2","No","No","48","Santa Fe","Las Cruces","3","4.589063","-74.067961","290","1.98","52000","111","62000","107000","221000","160800000","920000","920000"
"SHV-0344","Properati","Arriendo","Apartamento","31","3","3","No","No","49","San Cristóbal","Los Libertadores","1","4.562888","-74.065908","210","4.6","28000","88","50000","40000","118000","49400000","270000","270000"
"SHV-0345","Habi","Venta","Apartamento","46","3","2","No","No","17","Usme","La Flora","2","4.467131","-74.126478","140","6.89","38000","104","49000","8000","95000","119600000","640000","119600000"
"SHV-0346","UAECD-OTC","Venta","Apartamento","54","3","3","No","No","31","Tunjuelito","Venecia","3","4.555354","-74.157086","190","5.25","45000","135","57000","161000","263000","196000000","990000","196000000"
"SHV-0347","UAECD-OTC","Arriendo","Apartamento","49","2","2","No","No","13","Bosa","Apogeo","1","4.636584","-74.223402","160","6.24","33000","131","69000","22000","124000","76800000","410000","410000"
"SHV-0348","Habi","Venta","Apartamento","61","2","2","No","No","15","Kennedy","Calandaima","2","4.605319","-74.157766","230","3.95","41000","117","53000","91000","185000","130900000","760000","130900000"
"SHV-0349","Metrocuadrado","Venta","Apartamento","89","3","3","Sí","No","23","Fontibón","Granjas de Techo","4","4.662867","-74.133963","200","4.93","71000","227","150000","393000","614000","653900000","2750000","653900000"
"SHV-0350","Metrocuadrado","Venta","Apartamento","64","2","2","Sí","No","39","Engativá","Santa Cecilia","3","4.686919","-74.108833","175","5.75","74000","140","66000","203000","343000","254800000","1180000","254800000"
"SHV-0351","Properati","Arriendo","Casa","68","2","1","No","No","12","Suba","Suba","2","4.729322","-74.080997","195","5.09","48000","133","87000","0","135000","173300000","720000","720000"
"SHV-0352","FincaRaíz","Arriendo","Apartamento","70","1","1","Sí","No","29","Barrios Unidos","Alcázares","3","4.668765","-74.05642","265","2.8","49000","125","71000","227000","347000","220100000","1300000","1300000"
"SHV-0353","Properati","Venta","Apartamento","102","4","3","Sí","No","60","Teusaquillo","Teusaquillo","4","4.614967","-74.100792","300","1.65","76000","183","150000","532000","758000","585900000","2870000","585900000"
"SHV-0354","Properati","Venta","Apartamento","56","1","1","Sí","No","60","Los Mártires","Ricaurte","2","4.605984","-74.067752","280","2.31","42000","147","81000","0","123000","130000000","700000","130000000"
"SHV-0355","UAECD-OTC","Arriendo","Apartamento","66","2","2","No","No","60","Antonio Nariño","Antonio Nariño","2","4.601241","-74.124156","220","4.27","38000","161","82000","94000","214000","138500000","790000","790000"
"SHV-0356","FincaRaíz","Venta","Apartamento","49","2","1","No","No","36","Puente Aranda","Muzú","3","4.600709","-74.106251","245","3.45","33000","119","71000","133000","237000","178700000","1070000","178700000"
"SHV-0357","Properati","Venta","Apartamento","61","2","1","Sí","No","60","La Candelaria","La Candelaria","3","4.609211","-74.070346","310","1.33","60000","139","93000","169000","322000","248300000","1070000","248300000"
"SHV-0358","UAECD-OTC","Arriendo","Casa","52","3","2","No","No","60","Rafael Uribe Uribe","Marco Fidel Suárez","2","4.575981","-74.128964","200","4.93","39000","107","78000","18000","135000","133800000","750000","750000"
"SHV-0359","Habi","Venta","Apartamento","49","3","3","No","No","10","Ciudad Bolívar","Tesoro","2","4.515963","-74.177273","170","5.91","54000","113","72000","31000","157000","103900000","600000","103900000"
"SHV-0360","Habi","Venta","Casa","50","2","1","No","No","24","Sumapaz","Sumapaz","1","4.284517","-74.357034","45","10","33000","130","35000","0","68000","86500000","350000","86500000"
"SHV-0361","Habi","Venta","Apartamento","185","4","4","Sí","Sí","21","Usaquén","La Uribe","5","4.718258","-74.01808","180","5.58","219000","383","318000","1408000","1945000","1656300000","9120000","1656300000"
"SHV-0362","FincaRaíz","Venta","Apartamento","114","3","3","Sí","No","26","Chapinero","Chico Lago","4","4.640307","-74.083097","320","1","89000","238","181000","483000","753000","740700000","3490000","740700000"
"SHV-0363","Habi","Venta","Apartamento","37","2","2","Sí","No","9","Santa Fe","Lourdes","3","4.58282","-74.067009","290","1.98","30000","107","59000","114000","203000","167200000","890000","167200000"
"SHV-0364","Habi","Arriendo","Apartamento","47","2","2","No","No","40","San Cristóbal","Los Libertadores","1","4.562906","-74.080362","210","4.6","41000","94","36000","22000","99000","75500000","380000","380000"
"SHV-0365","Properati","Venta","Casa","64","1","1","Sí","No","21","Usme","Comuneros","2","4.498591","-74.123411","140","6.89","46000","122","55000","11000","112000","135000000","610000","135000000"
"SHV-0366","UAECD-OTC","Venta","Apartamento","62","2","1","Sí","No","34","Tunjuelito","Tunjuelito","3","4.546155","-74.124346","190","5.25","46000","171","62000","148000","256000","266600000","1140000","266600000"
"SHV-0367","UAECD-OTC","Venta","Casa","43","3","2","No","Sí","9","Bosa","El Porvenir","1","4.618188","-74.217069","160","6.24","33000","114","66000","0","99000","80000000","340000","80000000"
"SHV-0368","UAECD-OTC","Arriendo","Apartamento","41","3","2","No","No","43","Kennedy","Calandaima","2","4.632023","-74.171215","230","3.95","49000","92","62000","56000","167000","87700000","370000","370000"
"SHV-0369","Properati","Arriendo","Apartamento","44","3","3","No","No","17","Fontibón","Aeropuerto","3","4.65692","-74.156254","200","4.93","48000","101","62000","144000","254000","137700000","730000","730000"
"SHV-0370","Properati","Arriendo","Apartamento","89","3","2","No","No","35","Engativá","Engativá","4","4.699508","-74.114405","175","5.75","93000","193","120000","444000","657000","485700000","2280000","2280000"
"SHV-0371","FincaRaíz","Venta","Casa","60","1","1","No","No","16","Suba","Andes","2","4.735534","-74.107059","195","5.09","46000","142","84000","25000","155000","131800000","580000","131800000"
"SHV-0372","Properati","Venta","Apartamento","77","1","1","No","Sí","44","Barrios Unidos","12 de Octubre","4","4.663006","-74.069115","265","2.8","87000","158","144000","395000","626000","421800000","2270000","421800000"
"SHV-0373","UAECD-OTC","Venta","Apartamento","135","3","2","Sí","Sí","32","Teusaquillo","Nicolás de Federmán","5","4.628204","-74.113402","300","1.65","171000","311","198000","880000","1249000","1352200000","7270000","1352200000"
"SHV-0374","Metrocuadrado","Venta","Apartamento","102","2","2","Sí","No","40","Los Mártires","La Sabana","3","4.62966","-74.074033","280","2.31","60000","184","106000","207000","373000","347700000","1770000","347700000"
"SHV-0375","Habi","Venta","Apartamento","83","2","2","No","No","42","Antonio Nariño","Restrepo","3","4.562397","-74.103579","220","4.27","50000","139","135000","190000","375000","249100000","1460000","249100000"
"SHV-0376","Metrocuadrado","Venta","Apartamento","92","3","2","Sí","Sí","41","Puente Aranda","Puente Aranda","4","4.639799","-74.08752","245","3.45","110000","232","167000","373000","650000","515900000","2460000","515900000"
"SHV-0377","Properati","Venta","Apartamento","85","3","3","No","No","60","La Candelaria","La Candelaria","3","4.593299","-74.095376","310","1.33","76000","212","96000","272000","444000","267200000","1520000","267200000"
"SHV-0378","Properati","Venta","Apartamento","40","2","2","No","No","60","Rafael Uribe Uribe","Marruecos","2","4.547888","-74.102746","200","4.93","44000","102","72000","28000","144000","82400000","340000","82400000"
"SHV-0379","Habi","Venta","Casa","63","2","1","No","No","19","Ciudad Bolívar","El Mochuelo","1","4.540393","-74.163789","170","5.91","38000","149","44000","4000","86000","108900000","600000","108900000"
"SHV-0380","UAECD-OTC","Venta","Apartamento","52","2","2","No","No","34","Sumapaz","Sumapaz","1","4.250422","-74.369527","45","10","20000","133","35000","6000","61000","99400000","590000","99400000"
"SHV-0381","Properati","Venta","Apartamento","132","3","2","Sí","Sí","18","Usaquén","Toberín","5","4.705964","-74.032827","180","5.58","198000","331","321000","952000","1471000","1358500000","7730000","1358500000"
"SHV-0382","Properati","Venta","Apartamento","53","2","2","Sí","No","39","Chapinero","Chapinero","3","4.653053","-74.059721","320","1","54000","158","59000","133000","246000","211400000","1090000","211400000"
"SHV-0383","Habi","Venta","Apartamento","32","2","1","No","No","60","Santa Fe","Lourdes","2","4.584165","-74.089366","290","1.98","27000","86","43000","47000","117000","62500000","330000","62500000"
"SHV-0384","Metrocuadrado","Venta","Apartamento","40","2","2","Sí","No","26","San Cristóbal","20 de Julio","2","4.547573","-74.073102","210","4.6","45000","126","43000","2000","90000","83900000","390000","83900000"
"SHV-0385","Properati","Venta","Apartamento","49","2","2","No","No","8","Usme","Comuneros","1","4.479169","-74.111421","140","6.89","31000","109","70000","12000","113000","91900000","490000","91900000"
"SHV-0386","Metrocuadrado","Arriendo","Apartamento","67","3","3","No","No","44","Tunjuelito","Tunjuelito","3","4.577495","-74.160562","190","5.25","74000","192","96000","149000","319000","275400000","1530000","1530000"
"SHV-0387","UAECD-OTC","Venta","Apartamento","50","2","2","No","No","13","Bosa","Apogeo","1","4.633735","-74.186133","160","6.24","44000","91","68000","31000","143000","79600000","480000","79600000"
"SHV-0388","UAECD-OTC","Arriendo","Casa","55","2","1","No","No","42","Kennedy","Carvajal","2","4.63453","-74.186537","230","3.95","34000","141","80000","43000","157000","110300000","550000","550000"
"SHV-0389","Habi","Venta","Casa","77","1","1","No","No","32","Fontibón","Aeropuerto","3","4.685791","-74.124787","200","4.93","67000","200","125000","113000","305000","315700000","1300000","315700000"
"SHV-0390","Properati","Venta","Apartamento","77","2","2","Sí","Sí","47","Engativá","Santa Cecilia","4","4.686714","-74.129622","175","5.75","65000","170","149000","372000","586000","560800000","2910000","560800000"
"SHV-0391","Properati","Venta","Apartamento","43","2","1","No","No","34","Suba","Suba","2","4.730181","-74.085981","195","5.09","23000","126","50000","55000","128000","102700000","440000","102700000"
"SHV-0392","Properati","Venta","Apartamento","51","2","2","No","No","42","Barrios Unidos","12 de Octubre","3","4.663903","-74.073073","265","2.8","50000","126","95000","143000","288000","215800000","970000","215800000"
"SHV-0393","FincaRaíz","Venta","Casa","84","3","2","No","No","60","Teusaquillo","Galerías","4","4.654905","-74.08374","300","1.65","77000","231","156000","0","233000","595400000","2770000","595400000"
"SHV-0394","Habi","Venta","Apartamento","33","1","1","No","No","56","Los Mártires","La Sabana","3","4.58711","-74.091533","280","2.31","35000","126","83000","108000","226000","138200000","750000","138200000"
"SHV-0395","Metrocuadrado","Arriendo","Apartamento","42","2","1","No","No","46","Antonio Nariño","Antonio Nariño","2","4.588054","-74.100003","220","4.27","27000","89","41000","59000","127000","109000000","480000","480000"
"SHV-0396","UAECD-OTC","Venta","Apartamento","74","3","2","No","Sí","36","Puente Aranda","Puente Aranda","4","4.610728","-74.117183","245","3.45","98000","187","155000","330000","583000","511900000","2220000","511900000"
"SHV-0397","UAECD-OTC","Venta","Casa","50","2","1","No","No","54","La Candelaria","La Candelaria","3","4.594796","-74.057282","310","1.33","62000","124","101000","59000","222000","208000000","850000","208000000"
"SHV-0398","Habi","Arriendo","Apartamento","56","2","2","No","No","28","Rafael Uribe Uribe","Quiroga","2","4.549063","-74.128132","200","4.93","26000","152","83000","21000","130000","130100000","750000","750000"
"SHV-0399","Metrocuadrado","Arriendo","Apartamento","39","2","1","No","No","13","Ciudad Bolívar","Arborizadora","1","4.530921","-74.184131","170","5.91","34000","120","51000","51000","136000","73200000","390000","390000"
"SHV-0400","Habi","Venta","Casa","52","2","1","No","No","22","Sumapaz","Sumapaz","1","4.270837","-74.349427","45","10","20000","111","55000","0","75000","96100000","390000","96100000"
"SHV-0401","UAECD-OTC","Venta","Apartamento","95","2","2","Sí","Sí","30","Usaquén","Usaquén","4","4.727811","-74.035899","180","5.58","97000","207","110000","505000","712000","583900000","2370000","583900000"
"SHV-0402","Properati","Venta","Apartamento","144","3","3","Sí","Sí","21","Chapinero","El Refugio","5","4.657173","-74.072332","320","1","165000","364","236000","982000","1383000","1087500000","5570000","1087500000"
"SHV-0403","Properati","Venta","Apartamento","74","2","2","Sí","No","49","Santa Fe","Sagrado Corazón","3","4.622732","-74.066669","290","1.98","47000","194","105000","151000","303000","220800000","1010000","220800000"
"SHV-0404","Metrocuadrado","Venta","Apartamento","76","1","1","Sí","No","26","San Cristóbal","20 de Julio","2","4.566302","-74.095178","210","4.6","68000","155","80000","16000","164000","172000000","890000","172000000"
"SHV-0405","Properati","Arriendo","Apartamento","47","2","2","No","No","10","Usme","Comuneros","1","4.467636","-74.151543","140","6.89","42000","104","67000","15000","124000","81100000","390000","390000"
"SHV-0406","FincaRaíz","Arriendo","Casa","75","3","3","No","No","46","Tunjuelito","Tunjuelito","3","4.561845","-74.120009","190","5.25","49000","160","129000","0","178000","241400000","1410000","1410000"
"SHV-0407","Metrocuadrado","Venta","Apartamento","32","1","1","No","No","17","Bosa","Bosa Central","1","4.611464","-74.194784","160","6.24","33000","102","47000","44000","124000","52600000","240000","52600000"
"SHV-0408","Metrocuadrado","Arriendo","Apartamento","81","4","3","No","No","54","Kennedy","Américas","3","4.622189","-74.153863","230","3.95","81000","163","69000","278000","428000","316800000","1700000","1700000"
"SHV-0409","FincaRaíz","Venta","Apartamento","79","3","3","No","Sí","18","Fontibón","Granjas de Techo","3","4.677636","-74.157537","200","4.93","75000","203","121000","191000","387000","341600000","1400000","341600000"
"SHV-0410","Habi","Arriendo","Apartamento","78","3","2","No","Sí","17","Engativá","Garcés Navas","4","4.718971","-74.132989","175","5.75","83000","180","145000","331000","559000","485500000","2870000","2870000"
"SHV-0411","Habi","Arriendo","Apartamento","97","3","2","Sí","Sí","17","Suba","Andes","5","4.75722","-74.081076","195","5.09","106000","253","235000","643000","984000","733300000","4370000","4370000"
"SHV-0412","Habi","Venta","Apartamento","62","4","4","No","No","0","Barrios Unidos","Alcázares","4","4.646112","-74.098109","265","2.8","72000","159","147000","282000","501000","379700000","2080000","379700000"
"SHV-0413","Metrocuadrado","Venta","Casa","88","3","2","No","No","49","Teusaquillo","Teusaquillo","4","4.642651","-74.103621","300","1.65","63000","226","144000","123000","330000","558500000","2750000","558500000"
"SHV-0414","Properati","Venta","Casa","54","3","3","Sí","No","60","Los Mártires","La Sabana","3","4.594089","-74.073408","280","2.31","57000","163","102000","0","159000","166500000","740000","166500000"
"SHV-0415","FincaRaíz","Venta","Apartamento","91","2","1","Sí","No","34","Antonio Nariño","Antonio Nariño","3","4.566224","-74.115843","220","4.27","43000","222","136000","303000","482000","324200000","1820000","324200000"
"SHV-0416","Properati","Arriendo","Casa","43","3","2","Sí","No","28","Puente Aranda","Puente Aranda","3","4.643806","-74.124226","245","3.45","33000","101","72000","27000","132000","174200000","950000","950000"
"SHV-0417","Habi","Venta","Casa","98","2","1","No","No","60","La Candelaria","La Candelaria","3","4.574653","-74.07215","310","1.33","71000","168","132000","0","203000","307200000","1370000","307200000"
"SHV-0418","Metrocuadrado","Venta","Apartamento","60","2","1","No","No","18","Rafael Uribe Uribe","Quiroga","3","4.550545","-74.084597","200","4.93","66000","136","69000","182000","317000","215300000","1060000","215300000"
"SHV-0419","Properati","Arriendo","Apartamento","65","2","1","No","No","19","Ciudad Bolívar","Arborizadora","2","4.552926","-74.161039","170","5.91","65000","139","65000","65000","195000","158400000","780000","780000"
"SHV-0420","Properati","Venta","Casa","54","2","1","No","No","25","Sumapaz","Sumapaz","1","4.248661","-74.382569","45","10","35000","106","61000","0","96000","97700000","550000","97700000"
"SHV-0421","UAECD-OTC","Venta","Apartamento","149","2","1","Sí","Sí","23","Usaquén","Toberín","5","4.683625","-74.020012","180","5.58","189000","241","309000","1167000","1665000","1407800000","7560000","1407800000"
"SHV-0422","FincaRaíz","Venta","Apartamento","72","2","1","Sí","No","23","Chapinero","El Refugio","4","4.670021","-74.075692","320","1","94000","193","105000","309000","508000","420500000","2220000","420500000"
"SHV-0423","FincaRaíz","Venta","Apartamento","38","2","2","No","Sí","48","Santa Fe","La Macarena","2","4.599012","-74.067615","290","1.98","43000","84","38000","29000","110000","96600000","510000","96600000"
"SHV-0424","FincaRaíz","Arriendo","Apartamento","32","2","1","No","No","45","San Cristóbal","La Gloria","1","4.574078","-74.093852","210","4.6","15000","105","53000","33000","101000","51400000","230000","230000"
"SHV-0425","FincaRaíz","Arriendo","Casa","45","1","1","No","No","6","Usme","La Flora","1","4.492975","-74.138753","140","6.89","33000","87","55000","0","88000","70200000","330000","330000"
"SHV-0426","FincaRaíz","Venta","Apartamento","56","3","2","No","No","25","Tunjuelito","Venecia","3","4.586271","-74.138178","190","5.25","52000","139","89000","155000","296000","240500000","980000","240500000"
"SHV-0427","Metrocuadrado","Venta","Casa","55","1","1","No","No","15","Bosa","El Porvenir","1","4.621364","-74.191639","160","6.24","21000","133","55000","0","76000","79800000","440000","79800000"
"SHV-0428","Properati","Arriendo","Apartamento","68","2","1","No","No","22","Kennedy","Américas","2","4.622246","-74.183276","230","3.95","32000","166","52000","53000","137000","175900000","860000","860000"
"SHV-0429","Metrocuadrado","Arriendo","Casa","56","3","2","No","No","32","Fontibón","Fontibón","3","4.670813","-74.137781","200","4.93","33000","142","76000","0","109000","223400000","1090000","1090000"
"SHV-0430","Habi","Arriendo","Apartamento","103","3","2","Sí","No","30","Engativá","Engativá","4","4.676292","-74.135166","175","5.75","98000","240","192000","539000","829000","538900000","2420000","2420000"
"SHV-0431","Properati","Venta","Apartamento","62","2","2","No","No","7","Suba","Casa Blanca Suba","2","4.722756","-74.10646","195","5.09","60000","138","86000","86000","232000","127300000","560000","127300000"
"SHV-0432","Metrocuadrado","Venta","Apartamento","46","2","1","No","No","54","Barrios Unidos","12 de Octubre","3","4.663094","-74.100177","265","2.8","36000","118","81000","148000","265000","156100000","810000","156100000"
"SHV-0433","Metrocuadrado","Arriendo","Apartamento","97","3","2","Sí","Sí","49","Teusaquillo","Galerías","5","4.618133","-74.077619","300","1.65","95000","276","297000","649000","1041000","799500000","3570000","3570000"
"SHV-0434","FincaRaíz","Arriendo","Apartamento","45","3","3","No","No","47","Los Mártires","Ricaurte","2","4.60982","-74.088337","280","2.31","46000","132","61000","42000","149000","97100000","400000","400000"
"SHV-0435","FincaRaíz","Arriendo","Apartamento","46","4","3","Sí","No","31","Antonio Nariño","Restrepo","3","4.576906","-74.100618","220","4.27","52000","147","85000","147000","284000","204600000","1130000","1130000"
"SHV-0436","Metrocuadrado","Venta","Casa","46","2","1","Sí","No","30","Puente Aranda","Puente Aranda","3","4.629535","-74.13169","245","3.45","56000","114","68000","0","124000","157700000","750000","157700000"
"SHV-0437","UAECD-OTC","Venta","Apartamento","80","1","1","Sí","Sí","14","La Candelaria","La Candelaria","3","4.588852","-74.09207","310","1.33","40000","187","81000","280000","401000","341900000","1630000","341900000"
"SHV-0438","Metrocuadrado","Arriendo","Apartamento","69","1","1","No","No","30","Rafael Uribe Uribe","Marco Fidel Suárez","3","4.57467","-74.089315","200","4.93","38000","185","82000","188000","308000","244700000","1190000","1190000"
"SHV-0439","Properati","Venta","Casa","48","2","1","No","No","27","Ciudad Bolívar","Arborizadora","1","4.512352","-74.180097","170","5.91","27000","135","46000","0","73000","93800000","530000","93800000"
"SHV-0440","Properati","Arriendo","Apartamento","59","2","1","No","No","24","Sumapaz","Sumapaz","1","4.287741","-74.366317","45","10","39000","152","56000","11000","106000","104300000","480000","480000"
"SHV-0441","Metrocuadrado","Arriendo","Apartamento","77","4","3","Sí","Sí","17","Usaquén","Toberín","5","4.722903","-74.008408","180","5.58","131000","275","203000","498000","832000","742000000","4090000","4090000"
"SHV-0442","Habi","Arriendo","Apartamento","202","4","3","Sí","Sí","31","Chapinero","Chico Lago","6","4.657009","-74.055927","320","1","225000","491","303000","1731000","2259000","2511200000","14760000","14760000"
"SHV-0443","FincaRaíz","Venta","Casa","62","2","1","No","No","60","Santa Fe","Lourdes","2","4.62101","-74.07248","290","1.98","39000","144","55000","0","94000","137500000","730000","137500000"
"SHV-0444","UAECD-OTC","Arriendo","Apartamento","65","1","1","No","No","13","San Cristóbal","Los Libertadores","2","4.538641","-74.080411","210","4.6","46000","156","66000","39000","151000","143700000","700000","700000"
"SHV-0445","UAECD-OTC","Venta","Apartamento","40","2","2","No","No","15","Usme","Gran Yomasa","1","4.496079","-74.140012","140","6.89","40000","122","47000","23000","110000","73700000","410000","73700000"
"SHV-0446","Metrocuadrado","Venta","Apartamento","75","1","1","No","No","48","Tunjuelito","Venecia","2","4.55696","-74.128654","190","5.25","56000","161","61000","15000","132000","182500000","900000","182500000"
"SHV-0447","Properati","Venta","Apartamento","64","2","1","No","No","16","Bosa","El Porvenir","1","4.636422","-74.219903","160","6.24","32000","151","52000","55000","139000","121900000","590000","121900000"
"SHV-0448","Metrocuadrado","Venta","Apartamento","35","2","2","No","No","43","Kennedy","Timiza","3","4.642191","-74.180783","230","3.95","35000","122","75000","112000","222000","135100000","680000","135100000"
"SHV-0449","FincaRaíz","Venta","Apartamento","102","3","2","Sí","Sí","21","Fontibón","Fontibón","4","4.656043","-74.144412","200","4.93","94000","205","121000","420000","635000","541500000","2510000","541500000"
"SHV-0450","FincaRaíz","Venta","Casa","62","2","1","No","No","28","Engativá","Santa Cecilia","3","4.676104","-74.113623","175","5.75","38000","141","98000","48000","184000","223400000","940000","223400000"
"SHV-0451","FincaRaíz","Venta","Apartamento","128","3","2","Sí","No","14","Suba","Suba","5","4.749361","-74.108551","195","5.09","125000","254","333000","1001000","1459000","1152400000","5570000","1152400000"
"SHV-0452","Properati","Venta","Apartamento","51","3","3","Sí","No","28","Barrios Unidos","Alcázares","3","4.673505","-74.06742","265","2.8","53000","118","93000","118000","264000","176300000","750000","176300000"
"SHV-0453","Metrocuadrado","Venta","Apartamento","107","2","1","Sí","Sí","39","Teusaquillo","Galerías","4","4.645913","-74.093407","300","1.65","95000","195","138000","507000","740000","837100000","4040000","837100000"
"SHV-0454","FincaRaíz","Arriendo","Casa","67","2","1","No","Sí","60","Los Mártires","Ricaurte","3","4.593859","-74.110268","280","2.31","41000","131","69000","0","110000","277200000","1420000","1420000"
"SHV-0455","Habi","Venta","Apartamento","71","2","2","Sí","No","60","Antonio Nariño","Antonio Nariño","2","4.569901","-74.121063","220","4.27","29000","171","57000","20000","106000","167000000","980000","167000000"
"SHV-0456","UAECD-OTC","Arriendo","Apartamento","89","4","3","Sí","No","30","Puente Aranda","Ciudad Montes","4","4.615354","-74.111791","245","3.45","79000","162","113000","366000","558000","541800000","2210000","2210000"
"SHV-0457","Habi","Arriendo","Apartamento","76","2","2","No","No","60","La Candelaria","La Candelaria","3","4.575195","-74.06821","310","1.33","69000","186","118000","198000","385000","253000000","1330000","1330000"
"SHV-0458","Metrocuadrado","Venta","Casa","55","2","1","No","No","33","Rafael Uribe Uribe","Marco Fidel Suárez","2","4.535009","-74.086909","200","4.93","43000","112","57000","0","100000","112300000","550000","112300000"
"SHV-0459","Habi","Arriendo","Casa","65","2","1","No","No","28","Ciudad Bolívar","Arborizadora","2","4.523765","-74.179851","170","5.91","55000","121","76000","0","131000","152300000","620000","620000"
"SHV-0460","Properati","Venta","Apartamento","40","2","2","No","Sí","24","Sumapaz","Sumapaz","1","4.263081","-74.36701","45","10","38000","92","44000","22000","104000","71200000","320000","71200000"
"SHV-0461","Metrocuadrado","Arriendo","Apartamento","105","4","3","Sí","Sí","11","Usaquén","La Uribe","5","4.682057","-74.012164","180","5.58","164000","256","216000","787000","1167000","820800000","3480000","3480000"
"SHV-0462","Habi","Arriendo","Apartamento","72","3","2","Sí","No","46","Chapinero","El Refugio","3","4.642524","-74.07835","320","1","74000","161","107000","237000","418000","231500000","1030000","1030000"
"SHV-0463","FincaRaíz","Venta","Apartamento","54","4","3","Sí","No","44","Santa Fe","Lourdes","2","4.600642","-74.067798","290","1.98","31000","138","54000","57000","142000","123000000","560000","123000000"
"SHV-0464","UAECD-OTC","Arriendo","Casa","60","3","2","No","No","60","San Cristóbal","Los Libertadores","1","4.571299","-74.101628","210","4.6","49000","151","71000","0","120000","111300000","530000","530000"
"SHV-0465","Metrocuadrado","Venta","Apartamento","59","3","2","No","No","14","Usme","Gran Yomasa","2","4.500895","-74.120952","140","6.89","42000","132","63000","47000","152000","124000000","630000","124000000"
"SHV-0466","Habi","Arriendo","Apartamento","66","3","3","No","Sí","29","Tunjuelito","Venecia","3","4.568621","-74.146188","190","5.25","79000","124","62000","161000","302000","238100000","950000","950000"
"SHV-0467","Metrocuadrado","Arriendo","Apartamento","33","2","1","No","No","13","Bosa","Apogeo","2","4.6263","-74.219164","160","6.24","34000","103","52000","19000","105000","85300000","370000","370000"
"SHV-0468","UAECD-OTC","Venta","Casa","41","1","1","No","No","34","Kennedy","Calandaima","3","4.632267","-74.159053","230","3.95","62000","150","64000","0","126000","163700000","690000","163700000"
"SHV-0469","Habi","Venta","Apartamento","131","3","2","Sí","No","25","Fontibón","Fontibón","4","4.655091","-74.170211","200","4.93","88000","271","165000","657000","910000","970700000","4950000","970700000"
"SHV-0470","FincaRaíz","Venta","Apartamento","83","3","3","No","Sí","26","Engativá","Santa Cecilia","3","4.701861","-74.111609","175","5.75","53000","189","99000","167000","319000","349400000","1630000","349400000"
"SHV-0471","UAECD-OTC","Venta","Apartamento","59","4","3","Sí","No","24","Suba","Casa Blanca Suba","3","4.755851","-74.112975","195","5.09","35000","171","78000","149000","262000","267300000","1360000","267300000"
"SHV-0472","Properati","Venta","Apartamento","78","2","2","No","Sí","31","Barrios Unidos","Los Andes","3","4.653869","-74.065041","265","2.8","55000","165","73000","228000","356000","276000000","1230000","276000000"
"SHV-0473","Habi","Arriendo","Apartamento","120","2","2","Sí","No","56","Teusaquillo","Teusaquillo","5","4.641305","-74.103217","300","1.65","192000","260","313000","884000","1389000","1099000000","4450000","4450000"
"SHV-0474","FincaRaíz","Arriendo","Apartamento","67","2","2","Sí","No","53","Los Mártires","La Sabana","3","4.601016","-74.074696","280","2.31","68000","190","74000","147000","289000","247900000","1460000","1460000"
"SHV-0475","Habi","Venta","Apartamento","53","2","2","No","No","29","Antonio Nariño","Restrepo","2","4.563707","-74.081731","220","4.27","50000","136","63000","53000","166000","108200000","460000","108200000"
"SHV-0476","Properati","Arriendo","Apartamento","58","3","2","No","Sí","33","Puente Aranda","Puente Aranda","3","4.61781","-74.117518","245","3.45","36000","127","58000","194000","288000","185000000","790000","790000"
"SHV-0477","UAECD-OTC","Venta","Apartamento","65","3","3","No","No","60","La Candelaria","La Candelaria","3","4.600977","-74.051151","310","1.33","51000","133","66000","145000","262000","241800000","1040000","241800000"
"SHV-0478","Habi","Venta","Apartamento","56","2","1","No","No","40","Rafael Uribe Uribe","Marco Fidel Suárez","3","4.568365","-74.093767","200","4.93","45000","169","71000","188000","304000","255000000","1520000","255000000"
"SHV-0479","Habi","Venta","Casa","41","2","2","No","No","9","Ciudad Bolívar","Tesoro","2","4.527688","-74.156941","170","5.91","51000","112","44000","0","95000","105600000","550000","105600000"
"SHV-0480","Habi","Venta","Apartamento","79","2","1","No","No","16","Sumapaz","Sumapaz","2","4.252717","-74.385799","45","10","66000","172","56000","104000","226000","166900000","870000","166900000"
"SHV-0481","Habi","Venta","Apartamento","110","2","2","Sí","No","13","Usaquén","Country Club","5","4.686978","-74.04431","180","5.58","104000","253","202000","671000","977000","840900000","5020000","840900000"
"SHV-0482","UAECD-OTC","Arriendo","Apartamento","136","4","3","Sí","Sí","47","Chapinero","Pardo Rubio","5","4.659282","-74.0381","320","1","151000","328","307000","852000","1310000","1165500000","4870000","4870000"
"SHV-0483","FincaRaíz","Arriendo","Casa","78","2","2","No","No","34","Santa Fe","Sagrado Corazón","2","4.608705","-74.053536","290","1.98","56000","140","55000","0","111000","208000000","1240000","1240000"
"SHV-0484","Properati","Arriendo","Apartamento","42","2","2","No","No","24","San Cristóbal","San Blas","2","4.544479","-74.085501","210","4.6","40000","129","53000","52000","145000","117700000","520000","520000"
"SHV-0485","Properati","Venta","Casa","61","1","1","No","No","2","Usme","Alfonso López","2","4.470304","-74.151838","140","6.89","49000","112","81000","0","130000","169000000","890000","169000000"
"SHV-0486","Properati","Arriendo","Casa","62","1","1","No","No","8","Tunjuelito","Venecia","2","4.547432","-74.133524","190","5.25","47000","143","54000","0","101000","160900000","780000","780000"
"SHV-0487","FincaRaíz","Arriendo","Apartamento","59","2","2","No","No","13","Bosa","Bosa Occidental","2","4.606652","-74.191022","160","6.24","28000","154","83000","77000","188000","152800000","730000","730000"
"SHV-0488","Metrocuadrado","Venta","Apartamento","64","2","1","No","No","26","Kennedy","Carvajal","2","4.616488","-74.147105","230","3.95","53000","123","83000","37000","173000","166000000","970000","166000000"
"SHV-0489","FincaRaíz","Arriendo","Apartamento","108","3","3","Sí","No","14","Fontibón","Aeropuerto","4","4.676293","-74.127485","200","4.93","107000","211","146000","560000","813000","592000000","2540000","2540000"
"SHV-0490","Habi","Arriendo","Apartamento","72","3","3","Sí","No","16","Engativá","Garcés Navas","4","4.684979","-74.110113","175","5.75","76000","180","125000","380000","581000","455400000","2730000","2730000"
"SHV-0491","Properati","Venta","Apartamento","55","2","2","No","No","14","Suba","Casa Blanca Suba","2","4.761437","-74.095436","195","5.09","50000","118","45000","33000","128000","143400000","680000","143400000"
"SHV-0492","Properati","Venta","Apartamento","96","2","2","Sí","No","33","Barrios Unidos","12 de Octubre","4","4.679298","-74.063211","265","2.8","64000","204","180000","525000","769000","509100000","2700000","509100000"
"SHV-0493","Metrocuadrado","Arriendo","Apartamento","92","2","1","Sí","No","45","Teusaquillo","Nicolás de Federmán","4","4.654021","-74.077922","300","1.65","81000","196","140000","461000","682000","523300000","3110000","3110000"
"SHV-0494","FincaRaíz","Venta","Apartamento","56","3","3","No","No","60","Los Mártires","Ricaurte","2","4.615837","-74.074175","280","2.31","43000","118","47000","26000","116000","112800000","460000","112800000"
"SHV-0495","Habi","Arriendo","Casa","68","3","3","Sí","No","46","Antonio Nariño","Antonio Nariño","3","4.564999","-74.125198","220","4.27","46000","187","112000","0","158000","280700000","1640000","1640000"
"SHV-0496","Properati","Venta","Apartamento","102","3","3","Sí","Sí","55","Puente Aranda","Ciudad Montes","4","4.626339","-74.104766","245","3.45","113000","231","150000","526000","789000","519300000","2670000","519300000"
"SHV-0497","Metrocuadrado","Venta","Casa","52","3","2","No","No","50","La Candelaria","La Candelaria","2","4.603898","-74.086077","310","1.33","54000","127","52000","0","106000","133800000","720000","133800000"
"SHV-0498","UAECD-OTC","Venta","Apartamento","55","2","1","No","No","56","Rafael Uribe Uribe","Quiroga","3","4.566816","-74.099105","200","4.93","61000","143","84000","192000","337000","208200000","890000","208200000"
"SHV-0499","UAECD-OTC","Venta","Apartamento","52","2","2","No","No","16","Ciudad Bolívar","Arborizadora","1","4.51563","-74.155183","170","5.91","20000","139","49000","23000","92000","81400000","410000","81400000"
"SHV-0500","UAECD-OTC","Arriendo","Apartamento","62","3","2","No","No","26","Sumapaz","Sumapaz","2","4.252713","-74.374123","45","10","52000","130","50000","51000","153000","156200000","840000","840000"
"SHV-0501","Metrocuadrado","Venta","Casa","98","3","3","Sí","Sí","32","Usaquén","Santa Bárbara","4","4.718073","-74.021186","180","5.58","82000","219","178000","253000","513000","534600000","2630000","534600000"
"SHV-0502","Properati","Venta","Apartamento","119","3","3","Sí","No","26","Chapinero","Pardo Rubio","4","4.635816","-74.084092","320","1","93000","279","190000","639000","922000","852700000","3680000","852700000"
"SHV-0503","FincaRaíz","Venta","Apartamento","42","3","3","No","No","53","Santa Fe","Lourdes","2","4.595912","-74.094612","290","1.98","33000","93","60000","42000","135000","113400000","510000","113400000"
"SHV-0504","Habi","Venta","Apartamento","32","2","1","No","No","34","San Cristóbal","20 de Julio","1","4.553023","-74.092708","210","4.6","20000","93","26000","17000","63000","49800000","280000","49800000"
"SHV-0505","Habi","Venta","Casa","66","2","2","No","Sí","14","Usme","La Flora","2","4.500285","-74.105986","140","6.89","28000","163","51000","33000","112000","157500000","640000","157500000"
"SHV-0506","UAECD-OTC","Venta","Apartamento","61","2","2","No","No","60","Tunjuelito","Venecia","3","4.576823","-74.129455","190","5.25","63000","125","83000","177000","323000","215100000","1170000","215100000"
"SHV-0507","Properati","Venta","Apartamento","77","1","1","No","No","9","Bosa","Bosa Occidental","2","4.607714","-74.193893","160","6.24","32000","132","96000","25000","153000","177300000","1060000","177300000"
"SHV-0508","Properati","Arriendo","Casa","54","3","3","Sí","No","42","Kennedy","Castilla","3","4.626032","-74.16134","230","3.95","54000","129","91000","0","145000","226700000","910000","910000"
"SHV-0509","Properati","Venta","Apartamento","98","3","2","Sí","No","20","Fontibón","Fontibón","4","4.699351","-74.132181","200","4.93","95000","175","124000","487000","706000","570700000","2470000","570700000"
"SHV-0510","Metrocuadrado","Arriendo","Apartamento","55","4","3","No","No","27","Engativá","Garcés Navas","3","4.686047","-74.103504","175","5.75","70000","159","85000","115000","270000","208300000","1110000","1110000"
"SHV-0511","UAECD-OTC","Arriendo","Apartamento","57","2","2","Sí","No","18","Suba","Andes","4","4.733108","-74.086718","195","5.09","80000","164","80000","304000","464000","369500000","1520000","1520000"
"SHV-0512","Habi","Venta","Apartamento","94","4","3","No","No","23","Barrios Unidos","12 de Octubre","4","4.665662","-74.089149","265","2.8","95000","164","154000","409000","658000","555900000","2880000","555900000"
"SHV-0513","Properati","Arriendo","Apartamento","83","2","2","No","Sí","7","Teusaquillo","Galerías","4","4.635846","-74.085085","300","1.65","98000","219","161000","394000","653000","510400000","2740000","2740000"
"SHV-0514","Metrocuadrado","Venta","Apartamento","67","2","2","No","No","51","Los Mártires","La Sabana","2","4.630309","-74.068123","280","2.31","41000","143","74000","87000","202000","169800000","880000","169800000"
"SHV-0515","FincaRaíz","Venta","Apartamento","43","3","3","No","No","49","Antonio Nariño","Restrepo","3","4.601954","-74.078926","220","4.27","32000","146","55000","91000","178000","135200000","640000","135200000"
"SHV-0516","Metrocuadrado","Venta","Apartamento","86","2","1","No","Sí","9","Puente Aranda","Muzú","4","4.610067","-74.102347","245","3.45","64000","206","141000","438000","643000","540500000","2920000","540500000"
"SHV-0517","Metrocuadrado","Arriendo","Apartamento","65","2","1","No","No","47","La Candelaria","La Candelaria","2","4.620668","-74.098539","310","1.33","45000","144","85000","34000","164000","138500000","720000","720000"
"SHV-0518","Habi","Venta","Casa","71","2","1","No","No","19","Rafael Uribe Uribe","Marco Fidel Suárez","3","4.578589","-74.094683","200","4.93","44000","151","77000","0","121000","245500000","1080000","245500000"
"SHV-0519","Properati","Arriendo","Apartamento","60","1","1","No","No","15","Ciudad Bolívar","Arborizadora","1","4.508457","-74.148971","170","5.91","42000","119","47000","71000","160000","108600000","560000","560000"
"SHV-0520","Properati","Venta","Apartamento","70","2","2","No","No","35","Sumapaz","Sumapaz","2","4.285876","-74.343304","45","10","35000","115","89000","97000","221000","152400000","880000","152400000"
"SHV-0521","Properati","Venta","Casa","178","4","4","Sí","Sí","4","Usaquén","Toberín","6","4.685371","-74.04183","180","5.58","214000","393","553000","0","767000","1962700000","10470000","1962700000"
"SHV-0522","FincaRaíz","Venta","Apartamento","129","4","4","Sí","Sí","38","Chapinero","El Refugio","5","4.626941","-74.047489","320","1","187000","272","194000","939000","1320000","1163900000","5750000","1163900000"
"SHV-0523","Metrocuadrado","Venta","Casa","75","2","1","No","No","43","Santa Fe","Sagrado Corazón","2","4.592871","-74.069105","290","1.98","37000","123","79000","41000","157000","176300000","820000","176300000"
"SHV-0524","FincaRaíz","Venta","Casa","61","3","3","No","No","22","San Cristóbal","San Blas","2","4.566732","-74.079142","210","4.6","35000","162","91000","0","126000","143200000","600000","143200000"
"SHV-0525","Properati","Venta","Apartamento","66","2","2","Sí","No","17","Usme","La Flora","2","4.487972","-74.144589","140","6.89","57000","150","98000","53000","208000","143800000","650000","143800000"
"SHV-0526","Metrocuadrado","Venta","Apartamento","84","3","3","No","No","31","Tunjuelito","Venecia","3","4.576399","-74.114272","190","5.25","59000","141","83000","270000","412000","266100000","1070000","266100000"
"SHV-0527","Metrocuadrado","Venta","Casa","51","2","1","No","No","10","Bosa","Apogeo","1","4.601103","-74.19193","160","6.24","40000","95","41000","0","81000","87300000","520000","87300000"
"SHV-0528","Metrocuadrado","Venta","Casa","67","3","2","No","No","18","Kennedy","Calandaima","3","4.636688","-74.144889","230","3.95","65000","169","97000","55000","217000","212600000","940000","212600000"
"SHV-0529","Habi","Venta","Apartamento","73","3","3","Sí","No","29","Fontibón","Fontibón","3","4.659033","-74.143045","200","4.93","65000","182","93000","195000","353000","213300000","1200000","213300000"
"SHV-0530","Habi","Arriendo","Apartamento","127","4","3","Sí","Sí","33","Engativá","Garcés Navas","4","4.697153","-74.093739","175","5.75","126000","230","139000","547000","812000","685200000","2970000","2970000"
"SHV-0531","Properati","Venta","Apartamento","73","3","3","No","No","18","Suba","Andes","3","4.749131","-74.113763","195","5.09","41000","159","88000","211000","340000","260200000","1190000","260200000"
"SHV-0532","UAECD-OTC","Arriendo","Casa","80","2","2","Sí","No","20","Barrios Unidos","12 de Octubre","3","4.664803","-74.058763","265","2.8","87000","178","104000","0","191000","319400000","1540000","1540000"
"SHV-0533","Habi","Venta","Apartamento","95","4","4","Sí","Sí","26","Teusaquillo","Nicolás de Federmán","4","4.654078","-74.104182","300","1.65","108000","233","164000","410000","682000","701500000","3260000","701500000"
"SHV-0534","UAECD-OTC","Arriendo","Apartamento","62","3","3","No","No","60","Los Mártires","La Sabana","2","4.594682","-74.111103","280","2.31","55000","108","65000","77000","197000","150700000","840000","840000"
"SHV-0535","UAECD-OTC","Venta","Casa","82","2","1","No","No","60","Antonio Nariño","Restrepo","3","4.585373","-74.081171","220","4.27","55000","212","133000","0","188000","275700000","1630000","275700000"
"SHV-0536","Properati","Arriendo","Apartamento","55","3","2","No","Sí","40","Puente Aranda","Ciudad Montes","3","4.601318","-74.11706","245","3.45","47000","126","73000","149000","269000","200700000","1150000","1150000"
"SHV-0537","Metrocuadrado","Venta","Apartamento","58","2","2","No","No","6","La Candelaria","La Candelaria","3","4.618631","-74.07397","310","1.33","60000","151","86000","178000","324000","250200000","1080000","250200000"
"SHV-0538","UAECD-OTC","Arriendo","Casa","64","3","3","No","No","36","Rafael Uribe Uribe","Quiroga","2","4.546293","-74.086521","200","4.93","41000","155","55000","59000","155000","144900000","800000","800000"
"SHV-0539","UAECD-OTC","Arriendo","Casa","45","2","2","No","No","14","Ciudad Bolívar","Arborizadora","1","4.539708","-74.15087","170","5.91","28000","113","61000","0","89000","80500000","350000","350000"
"SHV-0540","Metrocuadrado","Venta","Casa","54","3","3","No","No","22","Sumapaz","Sumapaz","2","4.267136","-74.371045","45","10","31000","127","61000","53000","145000","115000000","670000","115000000"
"SHV-0541","Habi","Venta","Apartamento","294","3","3","Sí","Sí","10","Usaquén","La Uribe","6","4.697681","-74.009847","180","5.58","332000","638","594000","3623000","4549000","3296400000","16600000","3296400000"
"SHV-0542","Habi","Arriendo","Apartamento","91","3","3","Sí","No","23","Chapinero","El Refugio","4","4.641727","-74.082933","320","1","86000","197","154000","498000","738000","671700000","3140000","3140000"
"SHV-0543","Properati","Venta","Apartamento","68","2","1","Sí","No","37","Santa Fe","Lourdes","3","4.597417","-74.093891","290","1.98","79000","166","91000","238000","408000","277500000","1200000","277500000"
"SHV-0544","Properati","Arriendo","Apartamento","49","2","1","Sí","No","43","San Cristóbal","20 de Julio","2","4.57905","-74.099984","210","4.6","27000","98","52000","39000","118000","113600000","460000","460000"
"SHV-0545","Properati","Venta","Apartamento","62","2","2","Sí","No","15","Usme","Comuneros","2","4.459487","-74.147606","140","6.89","30000","146","73000","55000","158000","162100000","730000","162100000"
"SHV-0546","UAECD-OTC","Arriendo","Apartamento","56","2","2","No","No","38","Tunjuelito","Tunjuelito","2","4.578462","-74.152657","190","5.25","39000","129","63000","43000","145000","124800000","730000","730000"
"SHV-0547","FincaRaíz","Venta","Apartamento","40","1","1","No","No","9","Bosa","Bosa Occidental","1","4.644628","-74.19444","160","6.24","33000","111","44000","34000","111000","74200000","420000","74200000"
"SHV-0548","Metrocuadrado","Venta","Apartamento","78","1","1","No","No","26","Kennedy","Castilla","2","4.622304","-74.184933","230","3.95","32000","133","79000","4000","115000","203000000","1210000","203000000"
"SHV-0549","Habi","Venta","Apartamento","72","2","1","Sí","Sí","15","Fontibón","Aeropuerto","4","4.664266","-74.158992","200","4.93","82000","157","130000","335000","547000","501400000","2110000","501400000"
"SHV-0550","Metrocuadrado","Arriendo","Casa","76","2","2","Sí","No","9","Engativá","Garcés Navas","4","4.708512","-74.130498","175","5.75","65000","182","155000","0","220000","467700000","2420000","2420000"
"SHV-0551","Habi","Venta","Apartamento","35","2","2","Sí","No","19","Suba","Tibabuyes","2","4.746951","-74.100926","195","5.09","29000","118","63000","26000","118000","93200000","420000","93200000"
"SHV-0552","FincaRaíz","Venta","Casa","60","4","4","Sí","Sí","48","Barrios Unidos","Alcázares","4","4.677866","-74.060458","265","2.8","67000","132","133000","0","200000","324000000","1650000","324000000"
"SHV-0553","UAECD-OTC","Venta","Apartamento","151","4","3","Sí","Sí","40","Teusaquillo","Nicolás de Federmán","5","4.647235","-74.076487","300","1.65","129000","379","375000","969000","1473000","1302300000","6040000","1302300000"
"SHV-0554","Metrocuadrado","Arriendo","Apartamento","65","2","2","No","No","43","Los Mártires","Ricaurte","3","4.596171","-74.104983","280","2.31","65000","158","103000","164000","332000","244500000","1120000","1120000"
"SHV-0555","Metrocuadrado","Venta","Apartamento","46","2","2","No","No","60","Antonio Nariño","Antonio Nariño","2","4.58173","-74.12593","220","4.27","54000","106","52000","18000","124000","111400000","570000","111400000"
"SHV-0556","FincaRaíz","Venta","Casa","79","3","3","Sí","No","40","Puente Aranda","Muzú","4","4.631524","-74.122016","245","3.45","66000","221","144000","0","210000","557500000","2430000","557500000"
"SHV-0557","FincaRaíz","Arriendo","Apartamento","45","2","1","Sí","No","23","La Candelaria","La Candelaria","3","4.587213","-74.089804","310","1.33","65000","150","86000","91000","242000","158200000","780000","780000"
"SHV-0558","UAECD-OTC","Arriendo","Apartamento","70","3","3","Sí","Sí","24","Rafael Uribe Uribe","Quiroga","3","4.54102","-74.118898","200","4.93","45000","168","108000","153000","306000","293600000","1560000","1560000"
"SHV-0559","UAECD-OTC","Arriendo","Apartamento","64","2","2","No","No","22","Ciudad Bolívar","Arborizadora","1","4.534165","-74.167106","170","5.91","41000","123","48000","27000","116000","114400000","490000","490000"
"SHV-0560","Metrocuadrado","Venta","Apartamento","43","1","1","No","No","15","Sumapaz","Sumapaz","2","4.256116","-74.365979","45","10","38000","102","61000","22000","121000","102000000","600000","102000000"
"SHV-0561","Metrocuadrado","Venta","Apartamento","96","4","4","Sí","Sí","15","Usaquén","La Uribe","4","4.692837","-74.030423","180","5.58","63000","228","158000","474000","695000","577800000","2900000","577800000"
"SHV-0562","UAECD-OTC","Arriendo","Casa","144","2","1","Sí","No","37","Chapinero","Pardo Rubio","6","4.673538","-74.076774","320","1","132000","275","373000","0","505000","2040100000","11500000","11500000"
"SHV-0563","FincaRaíz","Venta","Apartamento","59","3","2","No","No","32","Santa Fe","Las Cruces","3","4.609972","-74.095489","290","1.98","60000","148","69000","167000","296000","193200000","1030000","193200000"
"SHV-0564","Properati","Venta","Apartamento","67","3","3","No","No","50","San Cristóbal","20 de Julio","1","4.541389","-74.085665","210","4.6","46000","126","75000","5000","126000","117500000","640000","117500000"
"SHV-0565","Properati","Venta","Apartamento","71","2","2","No","No","14","Usme","Alfonso López","2","4.47871","-74.128936","140","6.89","61000","131","68000","69000","198000","172700000","940000","172700000"
"SHV-0566","Metrocuadrado","Venta","Apartamento","55","1","1","Sí","No","44","Tunjuelito","Venecia","2","4.568347","-74.12317","190","5.25","30000","142","80000","41000","151000","147500000","850000","147500000"
"SHV-0567","Properati","Venta","Apartamento","59","1","1","No","No","8","Bosa","Bosa Central","2","4.637438","-74.180661","160","6.24","36000","144","76000","8000","120000","148500000","780000","148500000"
"SHV-0568","FincaRaíz","Venta","Apartamento","59","3","3","Sí","Sí","50","Kennedy","Calandaima","3","4.63607","-74.154863","230","3.95","69000","123","83000","148000","300000","205600000","940000","205600000"
"SHV-0569","Properati","Venta","Casa","83","2","2","Sí","Sí","28","Fontibón","Aeropuerto","4","4.687405","-74.138072","200","4.93","105000","215","147000","0","252000","423100000","1780000","423100000"
"SHV-0570","UAECD-OTC","Venta","Apartamento","64","3","3","Sí","Sí","40","Engativá","Minuto de Dios","4","4.711468","-74.119816","175","5.75","62000","197","120000","351000","533000","361300000","1880000","361300000"
"SHV-0571","UAECD-OTC","Venta","Apartamento","45","1","1","No","No","21","Suba","Suba","2","4.739871","-74.083365","195","5.09","53000","135","41000","5000","99000","117400000","490000","117400000"
"SHV-0572","Metrocuadrado","Venta","Apartamento","47","2","2","Sí","Sí","43","Barrios Unidos","Los Andes","3","4.652595","-74.105451","265","2.8","49000","144","92000","160000","301000","209800000","940000","209800000"
"SHV-0573","UAECD-OTC","Venta","Apartamento","112","3","3","Sí","Sí","53","Teusaquillo","Galerías","5","4.660175","-74.119576","300","1.65","156000","307","318000","723000","1197000","996800000","4110000","996800000"
"SHV-0574","FincaRaíz","Arriendo","Apartamento","45","2","2","No","Sí","17","Los Mártires","La Sabana","2","4.610359","-74.096894","280","2.31","35000","102","68000","13000","116000","108700000","550000","550000"
"SHV-0575","Properati","Venta","Apartamento","51","3","3","No","No","60","Antonio Nariño","Restrepo","2","4.577374","-74.11944","220","4.27","46000","138","51000","15000","112000","125200000","540000","125200000"
"SHV-0576","Habi","Venta","Apartamento","61","3","3","No","No","0","Puente Aranda","Muzú","3","4.602131","-74.092477","245","3.45","50000","125","80000","179000","309000","232100000","1210000","232100000"
"SHV-0577","FincaRaíz","Venta","Apartamento","54","2","1","No","No","60","La Candelaria","La Candelaria","2","4.579959","-74.061403","310","1.33","59000","130","77000","49000","185000","119300000","670000","119300000"
"SHV-0578","FincaRaíz","Arriendo","Apartamento","72","2","1","Sí","No","33","Rafael Uribe Uribe","Marruecos","3","4.557624","-74.101768","200","4.93","83000","128","125000","200000","408000","307100000","1730000","1730000"
"SHV-0579","Metrocuadrado","Venta","Apartamento","51","1","1","No","No","27","Ciudad Bolívar","El Mochuelo","1","4.546653","-74.171467","170","5.91","39000","119","32000","56000","127000","91900000","420000","91900000"
"SHV-0580","UAECD-OTC","Arriendo","Apartamento","50","2","1","Sí","No","11","Sumapaz","Sumapaz","2","4.255974","-74.373564","45","10","42000","112","67000","13000","122000","125200000","640000","640000"
"SHV-0581","Properati","Arriendo","Casa","104","4","4","Sí","No","6","Usaquén","La Uribe","4","4.71671","-74.05288","180","5.58","96000","243","147000","0","243000","738800000","3790000","3790000"
"SHV-0582","Habi","Venta","Casa","86","3","3","No","Sí","21","Chapinero","Chapinero","3","4.667689","-74.065429","320","1","48000","177","94000","103000","245000","327700000","1620000","327700000"
"SHV-0583","Habi","Venta","Casa","77","2","1","No","No","60","Santa Fe","Sagrado Corazón","3","4.599775","-74.068558","290","1.98","58000","174","98000","85000","241000","302100000","1600000","302100000"
"SHV-0584","UAECD-OTC","Arriendo","Casa","32","2","1","No","No","25","San Cristóbal","Los Libertadores","1","4.578825","-74.061309","210","4.6","17000","72","31000","15000","63000","53300000","240000","240000"
"SHV-0585","Habi","Arriendo","Apartamento","34","1","1","No","No","19","Usme","Gran Yomasa","1","4.464931","-74.104048","140","6.89","19000","114","54000","22000","95000","50900000","300000","300000"
"SHV-0586","Properati","Venta","Apartamento","52","2","1","Sí","No","27","Tunjuelito","Venecia","2","4.574446","-74.1392","190","5.25","35000","99","61000","69000","165000","114900000","480000","114900000"
"SHV-0587","Metrocuadrado","Arriendo","Apartamento","79","1","1","No","No","8","Bosa","El Porvenir","2","4.626705","-74.188895","160","6.24","52000","174","91000","25000","168000","198000000","1120000","1120000"
"SHV-0588","Properati","Arriendo","Casa","74","2","1","No","Sí","27","Kennedy","Américas","3","4.630062","-74.186368","230","3.95","79000","203","94000","68000","241000","251300000","1300000","1300000"
"SHV-0589","Habi","Arriendo","Casa","93","4","3","Sí","No","26","Fontibón","Modelia","4","4.65038","-74.154268","200","4.93","76000","197","159000","178000","413000","599800000","2690000","2690000"
"SHV-0590","FincaRaíz","Venta","Apartamento","91","3","2","No","No","13","Engativá","Minuto de Dios","4","4.684521","-74.112391","175","5.75","79000","167","150000","408000","637000","617000000","3390000","617000000"
"SHV-0591","UAECD-OTC","Venta","Apartamento","181","3","2","Sí","Sí","24","Suba","Niza","5","4.741864","-74.09413","195","5.09","213000","264","301000","1368000","1882000","1698300000","7080000","1698300000"
"SHV-0592","FincaRaíz","Venta","Apartamento","62","1","1","No","No","53","Barrios Unidos","Los Andes","3","4.672905","-74.078816","265","2.8","74000","166","84000","124000","282000","211700000","1170000","211700000"
"SHV-0593","FincaRaíz","Venta","Apartamento","94","2","2","Sí","No","18","Teusaquillo","Teusaquillo","4","4.652001","-74.080698","300","1.65","82000","193","142000","497000","721000","684600000","3550000","684600000"
"SHV-0594","Properati","Venta","Apartamento","59","2","2","No","No","60","Los Mártires","La Sabana","2","4.605712","-74.09793","280","2.31","28000","117","87000","8000","123000","167600000","710000","167600000"
"SHV-0595","FincaRaíz","Arriendo","Apartamento","46","3","3","No","No","24","Antonio Nariño","Antonio Nariño","2","4.569938","-74.080818","220","4.27","26000","123","73000","60000","159000","94400000","390000","390000"
"SHV-0596","FincaRaíz","Arriendo","Apartamento","62","2","2","Sí","Sí","59","Puente Aranda","Ciudad Montes","3","4.596152","-74.110413","245","3.45","77000","175","108000","182000","367000","216400000","1190000","1190000"
"SHV-0597","UAECD-OTC","Arriendo","Apartamento","34","2","1","No","No","60","La Candelaria","La Candelaria","2","4.606404","-74.067404","310","1.33","20000","102","55000","15000","90000","82200000","380000","380000"
"SHV-0598","Metrocuadrado","Venta","Apartamento","27","2","1","No","No","6","Rafael Uribe Uribe","Marco Fidel Suárez","3","4.571705","-74.085312","200","4.93","56000","108","52000","92000","200000","85600000","490000","85600000"
"SHV-0599","FincaRaíz","Venta","Casa","55","2","1","No","No","28","Ciudad Bolívar","El Mochuelo","2","4.548472","-74.138095","170","5.91","56000","100","78000","0","134000","112400000","620000","112400000"
"SHV-0600","Habi","Arriendo","Apartamento","63","2","1","No","No","24","Sumapaz","Sumapaz","2","4.246482","-74.355585","45","10","52000","166","68000","91000","211000","158300000","850000","850000"
"SHV-0601","FincaRaíz","Arriendo","Apartamento","149","4","3","Sí","Sí","10","Usaquén","La Uribe","6","4.725314","-74.015629","180","5.58","210000","367","377000","1375000","1962000","1545700000","7040000","7040000"
"SHV-0602","Metrocuadrado","Venta","Apartamento","131","3","3","Sí","Sí","47","Chapinero","El Refugio","5","4.635821","-74.086937","320","1","143000","336","270000","861000","1274000","1302700000","7060000","1302700000"
"SHV-0603","Metrocuadrado","Arriendo","Apartamento","73","2","1","No","No","18","Santa Fe","La Macarena","3","4.579473","-74.098244","290","1.98","40000","165","100000","232000","372000","305200000","1800000","1800000"
"SHV-0604","Metrocuadrado","Arriendo","Casa","67","2","1","No","No","45","San Cristóbal","La Gloria","2","4.535464","-74.105608","210","4.6","39000","160","89000","0","128000","141400000","590000","590000"
"SHV-0605","Properati","Venta","Apartamento","53","2","1","No","No","17","Usme","Alfonso López","1","4.498166","-74.150846","140","6.89","23000","106","56000","39000","118000","89000000","410000","89000000"
"SHV-0606","FincaRaíz","Venta","Apartamento","86","2","1","Sí","No","22","Tunjuelito","Tunjuelito","3","4.568088","-74.149974","190","5.25","88000","216","112000","282000","482000","312200000","1400000","312200000"
"SHV-0607","FincaRaíz","Arriendo","Casa","52","3","3","No","No","12","Bosa","Apogeo","1","4.643588","-74.220987","160","6.24","46000","97","64000","0","110000","82600000","400000","400000"
"SHV-0608","FincaRaíz","Venta","Apartamento","54","2","1","No","No","54","Kennedy","Carvajal","2","4.611939","-74.169818","230","3.95","32000","126","82000","58000","172000","148700000","820000","148700000"
"SHV-0609","Properati","Venta","Apartamento","101","1","1","Sí","Sí","17","Fontibón","Fontibón","4","4.687251","-74.160972","200","4.93","81000","253","117000","437000","635000","540400000","2670000","540400000"
"SHV-0610","FincaRaíz","Venta","Apartamento","111","2","1","Sí","Sí","24","Engativá","Minuto de Dios","4","4.680891","-74.108569","175","5.75","102000","267","173000","462000","737000","846000000","4350000","846000000"
"SHV-0611","FincaRaíz","Venta","Casa","47","2","1","No","No","15","Suba","Casa Blanca Suba","2","4.721759","-74.071247","195","5.09","45000","127","47000","3000","95000","101900000","470000","101900000"
"SHV-0612","Habi","Venta","Apartamento","80","1","1","No","No","16","Barrios Unidos","Los Andes","3","4.659382","-74.0916","265","2.8","60000","166","123000","208000","391000","309700000","1330000","309700000"
"SHV-0613","Metrocuadrado","Venta","Apartamento","124","4","4","Sí","Sí","44","Teusaquillo","Galerías","5","4.661112","-74.086698","300","1.65","195000","321","275000","762000","1232000","1198100000","5430000","1198100000"
"SHV-0614","Habi","Venta","Apartamento","55","1","1","No","No","56","Los Mártires","Ricaurte","2","4.622768","-74.089737","280","2.31","57000","126","56000","49000","162000","153000000","880000","153000000"
"SHV-0615","Properati","Venta","Apartamento","57","3","2","Sí","No","8","Antonio Nariño","Restrepo","3","4.555678","-74.108369","220","4.27","60000","165","90000","184000","334000","232000000","1210000","232000000"
"SHV-0616","UAECD-OTC","Arriendo","Casa","61","1","1","No","No","30","Puente Aranda","Muzú","3","4.623879","-74.10121","245","3.45","51000","152","114000","0","165000","264000000","1260000","1260000"
"SHV-0617","Habi","Venta","Apartamento","47","3","2","No","Sí","60","La Candelaria","La Candelaria","2","4.616516","-74.082558","310","1.33","33000","130","53000","70000","156000","126600000","710000","126600000"
"SHV-0618","Metrocuadrado","Venta","Apartamento","55","2","1","No","No","29","Rafael Uribe Uribe","Marco Fidel Suárez","3","4.580473","-74.108054","200","4.93","66000","125","103000","161000","330000","201600000","830000","201600000"
"SHV-0619","Habi","Arriendo","Casa","44","2","2","Sí","No","20","Ciudad Bolívar","Lucero","1","4.545274","-74.179828","170","5.91","42000","83","62000","0","104000","70500000","320000","320000"
"SHV-0620","Habi","Arriendo","Apartamento","45","3","3","No","No","24","Sumapaz","Sumapaz","1","4.267603","-74.344087","45","10","39000","126","67000","23000","129000","84600000","380000","380000"
"SHV-0621","Properati","Venta","Apartamento","244","2","2","Sí","Sí","9","Usaquén","Usaquén","6","4.686665","-74.034209","180","5.58","271000","368","365000","2257000","2893000","2599300000","15520000","2599300000"
"SHV-0622","Properati","Venta","Apartamento","98","2","1","No","No","11","Chapinero","Pardo Rubio","3","4.650329","-74.053293","320","1","75000","197","99000","205000","379000","375000000","2030000","375000000"
"SHV-0623","Metrocuadrado","Arriendo","Apartamento","56","1","1","Sí","No","60","Santa Fe","Las Cruces","2","4.60676","-74.087881","290","1.98","37000","108","53000","80000","170000","142400000","750000","750000"
"SHV-0624","FincaRaíz","Venta","Apartamento","49","2","1","No","No","35","San Cristóbal","20 de Julio","1","4.575495","-74.075506","210","4.6","22000","132","33000","70000","125000","76100000","310000","76100000"
"SHV-0625","Metrocuadrado","Venta","Apartamento","41","2","2","No","No","12","Usme","La Flora","1","4.46082","-74.108247","140","6.89","31000","84","58000","38000","127000","63200000","280000","63200000"
"SHV-0626","UAECD-OTC","Arriendo","Apartamento","90","2","2","No","No","48","Tunjuelito","Tunjuelito","3","4.583636","-74.139809","190","5.25","86000","159","131000","207000","424000","414500000","2180000","2180000"
"SHV-0627","Metrocuadrado","Arriendo","Casa","55","1","1","No","No","18","Bosa","El Porvenir","1","4.602312","-74.222917","160","6.24","25000","101","63000","44000","132000","86500000","410000","410000"
"SHV-0628","FincaRaíz","Venta","Apartamento","66","2","1","Sí","No","29","Kennedy","Timiza","3","4.641675","-74.180592","230","3.95","44000","121","118000","187000","349000","264700000","1550000","264700000"
"SHV-0629","FincaRaíz","Venta","Apartamento","63","3","2","No","Sí","32","Fontibón","Modelia","4","4.663845","-74.123912","200","4.93","90000","188","127000","344000","561000","386600000","2140000","386600000"
"SHV-0630","UAECD-OTC","Venta","Apartamento","116","4","4","Sí","No","31","Engativá","Minuto de Dios","4","4.722174","-74.137589","175","5.75","92000","197","145000","614000","851000","759600000","3720000","759600000"
"SHV-0631","Metrocuadrado","Venta","Apartamento","131","2","2","Sí","Sí","21","Suba","Tibabuyes","4","4.746874","-74.095811","195","5.09","131000","208","155000","584000","870000","625400000","3440000","625400000"
"SHV-0632","FincaRaíz","Venta","Apartamento","91","3","3","Sí","No","31","Barrios Unidos","Alcázares","3","4.686624","-74.068209","265","2.8","51000","162","89000","190000","330000","381100000","2270000","381100000"
"SHV-0633","Metrocuadrado","Arriendo","Apartamento","176","2","1","Sí","Sí","40","Teusaquillo","Galerías","5","4.647936","-74.101119","300","1.65","188000","340","264000","1069000","1521000","1534600000","7550000","7550000"
"SHV-0634","FincaRaíz","Arriendo","Casa","61","2","2","No","No","60","Los Mártires","La Sabana","2","4.582662","-74.108972","280","2.31","58000","131","66000","28000","152000","159600000","840000","840000"
"SHV-0635","Metrocuadrado","Venta","Apartamento","81","2","1","No","No","19","Antonio Nariño","Restrepo","3","4.572824","-74.081012","220","4.27","61000","149","108000","252000","421000","347700000","2030000","347700000"
"SHV-0636","Metrocuadrado","Arriendo","Casa","75","3","2","Sí","No","38","Puente Aranda","Puente Aranda","3","4.641114","-74.123431","245","3.45","38000","157","83000","131000","252000","310100000","1390000","1390000"
"SHV-0637","FincaRaíz","Venta","Apartamento","53","2","2","No","No","50","La Candelaria","La Candelaria","2","4.617846","-74.050753","310","1.33","55000","116","53000","31000","139000","139600000","810000","139600000"
"SHV-0638","FincaRaíz","Arriendo","Apartamento","31","3","2","No","No","15","Rafael Uribe Uribe","Marco Fidel Suárez","3","4.572283","-74.104807","200","4.93","50000","137","74000","105000","229000","102700000","430000","430000"
"SHV-0639","UAECD-OTC","Arriendo","Casa","57","2","2","Sí","Sí","27","Ciudad Bolívar","Arborizadora","2","4.509203","-74.16117","170","5.91","58000","128","73000","0","131000","155900000","830000","830000"
"SHV-0640","Metrocuadrado","Venta","Casa","50","2","2","No","No","36","Sumapaz","Sumapaz","2","4.265356","-74.371139","45","10","34000","119","47000","0","81000","109000000","610000","109000000"
"SHV-0641","Habi","Arriendo","Apartamento","59","3","3","No","Sí","24","Usaquén","Santa Bárbara","4","4.6826","-74.055498","180","5.58","76000","190","97000","296000","469000","442500000","2310000","2310000"
"SHV-0642","Habi","Arriendo","Apartamento","95","2","2","Sí","No","19","Chapinero","Chapinero","4","4.630486","-74.068109","320","1","93000","172","182000","447000","722000","515700000","2570000","2570000"
"SHV-0643","FincaRaíz","Venta","Apartamento","59","1","1","No","No","25","Santa Fe","Las Cruces","3","4.602342","-74.089623","290","1.98","46000","140","63000","127000","236000","229500000","1200000","229500000"
"SHV-0644","Metrocuadrado","Venta","Casa","66","2","1","No","No","49","San Cristóbal","20 de Julio","1","4.570246","-74.068603","210","4.6","33000","128","46000","0","79000","108700000","470000","108700000"
"SHV-0645","UAECD-OTC","Venta","Apartamento","55","2","2","No","No","16","Usme","Alfonso López","1","4.496729","-74.133803","140","6.89","27000","103","73000","50000","150000","100800000","450000","100800000"
"SHV-0646","Habi","Arriendo","Casa","83","3","2","No","No","41","Tunjuelito","Venecia","3","4.582512","-74.132452","190","5.25","68000","202","118000","0","186000","268000000","1220000","1220000"
"SHV-0647","Properati","Arriendo","Casa","48","2","2","Sí","Sí","12","Bosa","El Porvenir","2","4.62363","-74.195585","160","6.24","27000","101","53000","6000","86000","112900000","590000","590000"
"SHV-0648","Properati","Venta","Apartamento","60","3","3","Sí","No","30","Kennedy","Américas","2","4.614713","-74.174563","230","3.95","42000","161","78000","25000","145000","118400000","580000","118400000"
"SHV-0649","FincaRaíz","Venta","Apartamento","53","2","2","Sí","No","12","Fontibón","Modelia","3","4.65185","-74.155064","200","4.93","34000","143","77000","111000","222000","212400000","950000","212400000"
"SHV-0650","Habi","Venta","Apartamento","88","1","1","No","Sí","30","Engativá","Garcés Navas","3","4.683345","-74.110103","175","5.75","50000","140","111000","239000","400000","390000000","2250000","390000000"
"SHV-0651","FincaRaíz","Venta","Apartamento","56","2","2","No","No","20","Suba","Niza","2","4.743022","-74.113763","195","5.09","36000","102","64000","29000","129000","140200000","670000","140200000"
"SHV-0652","UAECD-OTC","Arriendo","Apartamento","51","2","1","No","Sí","60","Barrios Unidos","12 de Octubre","3","4.672348","-74.087986","265","2.8","56000","118","55000","166000","277000","190000000","930000","930000"
"SHV-0653","FincaRaíz","Venta","Apartamento","61","2","2","Sí","No","41","Teusaquillo","Nicolás de Federmán","4","4.63854","-74.080956","300","1.65","59000","171","139000","274000","472000","319700000","1540000","319700000"
"SHV-0654","Habi","Arriendo","Apartamento","43","3","2","Sí","Sí","60","Los Mártires","La Sabana","3","4.62338","-74.089612","280","2.31","40000","151","83000","91000","214000","160600000","700000","700000"
"SHV-0655","UAECD-OTC","Arriendo","Apartamento","50","3","2","No","No","27","Antonio Nariño","Restrepo","2","4.570741","-74.07738","220","4.27","53000","96","61000","7000","121000","108100000","590000","590000"
"SHV-0656","FincaRaíz","Venta","Apartamento","48","3","2","Sí","Sí","29","Puente Aranda","Ciudad Montes","3","4.607247","-74.090537","245","3.45","38000","139","77000","97000","212000","145600000","710000","145600000"
"SHV-0657","Properati","Arriendo","Apartamento","54","3","3","Sí","Sí","60","La Candelaria","La Candelaria","2","4.571776","-74.093961","310","1.33","26000","119","80000","40000","146000","125400000","510000","510000"
"SHV-0658","Properati","Venta","Casa","64","3","2","No","No","33","Rafael Uribe Uribe","Marco Fidel Suárez","3","4.552116","-74.105153","200","4.93","45000","184","97000","82000","224000","289600000","1720000","289600000"
"SHV-0659","Habi","Arriendo","Apartamento","56","3","3","No","Sí","8","Ciudad Bolívar","Tesoro","2","4.541035","-74.164215","170","5.91","48000","135","90000","13000","151000","141800000","800000","800000"
"SHV-0660","FincaRaíz","Arriendo","Casa","48","2","1","No","No","5","Sumapaz","Sumapaz","1","4.260867","-74.372944","45","10","41000","124","47000","0","88000","86700000","470000","470000"
"SHV-0661","Habi","Venta","Apartamento","117","2","1","Sí","Sí","24","Usaquén","La Uribe","5","4.691913","-74.012021","180","5.58","166000","275","280000","806000","1252000","885400000","5080000","885400000"
"SHV-0662","Properati","Venta","Apartamento","57","4","4","Sí","No","28","Chapinero","Chico Lago","4","4.634342","-74.046061","320","1","50000","150","115000","253000","418000","356200000","2070000","356200000"
"SHV-0663","FincaRaíz","Venta","Apartamento","49","2","1","No","No","12","Santa Fe","Sagrado Corazón","2","4.590747","-74.097519","290","1.98","54000","104","66000","32000","152000","118800000","560000","118800000"
"SHV-0664","Habi","Venta","Casa","25","2","2","No","No","14","San Cristóbal","20 de Julio","1","4.541836","-74.091233","210","4.6","16000","66","49000","0","65000","49100000","260000","49100000"
"SHV-0665","UAECD-OTC","Arriendo","Apartamento","45","3","3","No","No","23","Usme","Gran Yomasa","1","4.501459","-74.121636","140","6.89","35000","111","53000","51000","139000","80600000","420000","420000"
"SHV-0666","Habi","Venta","Apartamento","45","1","1","No","No","21","Tunjuelito","Tunjuelito","2","4.563716","-74.137465","190","5.25","54000","117","44000","10000","108000","108200000","490000","108200000"
"SHV-0667","Metrocuadrado","Arriendo","Casa","36","2","1","No","No","7","Bosa","Bosa Central","1","4.628399","-74.199489","160","6.24","39000","92","45000","0","84000","62500000","280000","280000"
"SHV-0668","FincaRaíz","Arriendo","Apartamento","86","1","1","No","No","23","Kennedy","Timiza","2","4.648816","-74.154969","230","3.95","60000","175","62000","123000","245000","224900000","950000","950000"
"SHV-0669","UAECD-OTC","Arriendo","Apartamento","80","3","2","Sí","No","13","Fontibón","Fontibón","4","4.678113","-74.15684","200","4.93","97000","172","125000","336000","558000","413900000","2200000","2200000"
"SHV-0670","UAECD-OTC","Arriendo","Apartamento","88","2","2","No","Sí","38","Engativá","Garcés Navas","3","4.714978","-74.135484","175","5.75","52000","165","92000","243000","387000","280500000","1560000","1560000"
"SHV-0671","UAECD-OTC","Venta","Apartamento","57","2","2","No","No","21","Suba","Andes","2","4.741932","-74.097895","195","5.09","59000","107","90000","12000","161000","152600000","840000","152600000"
"SHV-0672","Habi","Venta","Casa","61","2","2","Sí","No","42","Barrios Unidos","Alcázares","3","4.661897","-74.081755","265","2.8","61000","165","67000","0","128000","187200000","870000","187200000"
"SHV-0673","Habi","Arriendo","Apartamento","92","1","1","Sí","No","25","Teusaquillo","Galerías","4","4.616695","-74.083894","300","1.65","90000","218","161000","444000","695000","497800000","2200000","2200000"
"SHV-0674","Properati","Venta","Apartamento","45","2","2","Sí","No","37","Los Mártires","Ricaurte","3","4.591133","-74.102787","280","2.31","35000","145","72000","99000","206000","150600000","740000","150600000"
"SHV-0675","Metrocuadrado","Venta","Apartamento","57","2","2","No","No","17","Antonio Nariño","Restrepo","2","4.591378","-74.078427","220","4.27","28000","157","77000","45000","150000","141500000","720000","141500000"
"SHV-0676","Habi","Venta","Apartamento","54","3","2","No","No","40","Puente Aranda","Muzú","3","4.638241","-74.111509","245","3.45","47000","172","106000","118000","271000","163500000","950000","163500000"
"SHV-0677","Metrocuadrado","Venta","Apartamento","54","3","2","No","No","56","La Candelaria","La Candelaria","2","4.587072","-74.071734","310","1.33","37000","117","78000","16000","131000","131900000","760000","131900000"
"SHV-0678","UAECD-OTC","Arriendo","Apartamento","41","3","3","No","No","35","Rafael Uribe Uribe","Marruecos","2","4.566963","-74.114216","200","4.93","22000","117","65000","5000","92000","112600000","660000","660000"
"SHV-0679","FincaRaíz","Venta","Apartamento","47","2","1","No","No","24","Ciudad Bolívar","El Mochuelo","2","4.54145","-74.158646","170","5.91","55000","98","49000","14000","118000","100700000","570000","100700000"
"SHV-0680","Metrocuadrado","Venta","Apartamento","45","4","4","No","No","17","Sumapaz","Sumapaz","2","4.269606","-74.379469","45","10","51000","126","59000","4000","114000","90700000","540000","90700000"
"SHV-0681","Properati","Venta","Apartamento","115","3","3","Sí","Sí","19","Usaquén","Santa Bárbara","5","4.687963","-74.051308","180","5.58","110000","317","281000","832000","1223000","1036600000","5110000","1036600000"
"SHV-0682","UAECD-OTC","Venta","Apartamento","132","3","3","Sí","Sí","28","Chapinero","Chapinero","5","4.655225","-74.067837","320","1","104000","282","271000","1021000","1396000","1245400000","5100000","1245400000"
"SHV-0683","Metrocuadrado","Venta","Apartamento","34","3","2","Sí","Sí","16","Santa Fe","Lourdes","3","4.604783","-74.06033","290","1.98","49000","91","55000","97000","201000","125300000","520000","125300000"
"SHV-0684","Habi","Venta","Apartamento","48","2","1","No","No","22","San Cristóbal","La Gloria","2","4.578798","-74.105391","210","4.6","24000","137","76000","10000","110000","96600000","460000","96600000"
"SHV-0685","Habi","Venta","Apartamento","71","3","2","No","No","2","Usme","Alfonso López","2","4.480534","-74.108836","140","6.89","29000","120","95000","53000","177000","177600000","800000","177600000"
"SHV-0686","Metrocuadrado","Venta","Casa","37","2","2","No","No","42","Tunjuelito","Tunjuelito","2","4.585307","-74.119231","190","5.25","31000","88","46000","0","77000","87800000","380000","87800000"
"SHV-0687","Metrocuadrado","Arriendo","Apartamento","54","2","2","No","No","23","Bosa","Bosa Central","2","4.599705","-74.205557","160","6.24","34000","114","71000","7000","112000","139200000","820000","820000"
"SHV-0688","FincaRaíz","Venta","Casa","53","3","3","Sí","Sí","6","Kennedy","Américas","3","4.632612","-74.163485","230","3.95","52000","169","91000","0","143000","201200000","880000","201200000"
"SHV-0689","UAECD-OTC","Venta","Apartamento","43","2","1","No","Sí","24","Fontibón","Modelia","3","4.691703","-74.167029","200","4.93","50000","120","51000","133000","234000","148000000","880000","148000000"
"SHV-0690","FincaRaíz","Venta","Apartamento","54","2","2","Sí","Sí","33","Engativá","Engativá","4","4.723027","-74.120841","175","5.75","63000","187","110000","252000","425000","361300000","1990000","361300000"
"SHV-0691","Metrocuadrado","Venta","Apartamento","47","3","2","Sí","No","24","Suba","Niza","2","4.729688","-74.098466","195","5.09","51000","93","48000","31000","130000","120700000","640000","120700000"
"SHV-0692","UAECD-OTC","Venta","Apartamento","84","3","3","No","No","33","Barrios Unidos","Alcázares","3","4.660726","-74.101936","265","2.8","53000","203","117000","288000","458000","254000000","1360000","254000000"
"SHV-0693","Metrocuadrado","Venta","Apartamento","146","3","2","Sí","Sí","35","Teusaquillo","Nicolás de Federmán","5","4.624298","-74.110588","300","1.65","112000","257","217000","908000","1237000","1206100000","5620000","1206100000"
"SHV-0694","FincaRaíz","Arriendo","Apartamento","52","3","2","Sí","No","45","Los Mártires","La Sabana","3","4.607897","-74.105467","280","2.31","69000","141","66000","164000","299000","169000000","890000","890000"
"SHV-0695","Metrocuadrado","Arriendo","Apartamento","81","2","2","No","No","60","Antonio Nariño","Antonio Nariño","3","4.578384","-74.124428","220","4.27","60000","178","97000","269000","426000","292600000","1280000","1280000"
"SHV-0696","Properati","Arriendo","Apartamento","57","2","2","No","Sí","48","Puente Aranda","Puente Aranda","3","4.618775","-74.119166","245","3.45","45000","136","77000","158000","280000","170000000","1000000","1000000"
"SHV-0697","UAECD-OTC","Arriendo","Apartamento","55","3","2","Sí","No","60","La Candelaria","La Candelaria","3","4.612705","-74.087371","310","1.33","70000","164","61000","179000","310000","226200000","1040000","1040000"
"SHV-0698","Metrocuadrado","Arriendo","Apartamento","62","4","4","No","No","60","Rafael Uribe Uribe","Quiroga","3","4.533428","-74.10739","200","4.93","63000","135","79000","141000","283000","199700000","900000","900000"
"SHV-0699","Habi","Venta","Apartamento","55","1","1","No","No","20","Ciudad Bolívar","El Mochuelo","2","4.544074","-74.163064","170","5.91","31000","154","88000","48000","167000","129100000","700000","129100000"
"SHV-0700","FincaRaíz","Arriendo","Casa","49","1","1","No","No","15","Sumapaz","Sumapaz","1","4.253966","-74.385004","45","10","38000","111","37000","0","75000","95800000","510000","510000"
"SHV-0701","UAECD-OTC","Venta","Casa","125","3","3","Sí","Sí","10","Usaquén","Usaquén","5","4.722901","-74.01501","180","5.58","204000","259","330000","0","534000","1089500000","5340000","1089500000"
"SHV-0702","Properati","Venta","Apartamento","59","2","1","Sí","No","33","Chapinero","El Refugio","3","4.669729","-74.055721","320","1","60000","147","77000","124000","261000","204500000","1080000","204500000"
"SHV-0703","UAECD-OTC","Arriendo","Casa","64","3","2","No","No","60","Santa Fe","Lourdes","2","4.623926","-74.081913","290","1.98","57000","143","61000","0","118000","173100000","750000","750000"
"SHV-0704","Properati","Arriendo","Apartamento","67","1","1","No","No","30","San Cristóbal","San Blas","2","4.534579","-74.075309","210","4.6","49000","147","86000","37000","172000","177800000","950000","950000"
"SHV-0705","Metrocuadrado","Venta","Casa","37","3","3","No","No","20","Usme","Alfonso López","2","4.459584","-74.144058","140","6.89","31000","125","45000","0","76000","81200000","370000","81200000"
"SHV-0706","Habi","Arriendo","Apartamento","91","3","2","Sí","No","35","Tunjuelito","Venecia","3","4.543992","-74.118605","190","5.25","89000","188","108000","272000","469000","328700000","1490000","1490000"
"SHV-0707","UAECD-OTC","Arriendo","Apartamento","61","3","2","No","No","13","Bosa","Apogeo","2","4.617339","-74.209116","160","6.24","32000","154","77000","20000","129000","142800000","620000","620000"
"SHV-0708","Metrocuadrado","Arriendo","Apartamento","46","2","2","No","No","28","Kennedy","Américas","2","4.629453","-74.185968","230","3.95","55000","132","68000","32000","155000","102100000","480000","480000"
"SHV-0709","FincaRaíz","Venta","Apartamento","94","4","4","No","No","28","Fontibón","Granjas de Techo","3","4.68608","-74.135866","200","4.93","45000","207","142000","195000","382000","335500000","1560000","335500000"
"SHV-0710","Habi","Venta","Apartamento","57","3","3","Sí","Sí","22","Engativá","Minuto de Dios","4","4.713343","-74.102085","175","5.75","80000","179","142000","272000","494000","330800000","1620000","330800000"
"SHV-0711","UAECD-OTC","Arriendo","Apartamento","150","4","4","Sí","Sí","20","Suba","Tibabuyes","5","4.755513","-74.084257","195","5.09","221000","276","214000","1059000","1494000","1250100000","5480000","5480000"
"SHV-0712","Metrocuadrado","Venta","Apartamento","54","3","3","No","Sí","20","Barrios Unidos","12 de Octubre","3","4.65903","-74.088682","265","2.8","66000","139","80000","180000","326000","154700000","680000","154700000"
"SHV-0713","Habi","Venta","Apartamento","129","3","2","Sí","Sí","21","Teusaquillo","Teusaquillo","5","4.662247","-74.115845","300","1.65","196000","314","286000","868000","1350000","1002000000","5090000","1002000000"
"SHV-0714","Properati","Venta","Apartamento","51","2","1","Sí","No","15","Los Mártires","La Sabana","3","4.599764","-74.08912","280","2.31","58000","148","102000","155000","315000","168900000","720000","168900000"
"SHV-0715","Properati","Arriendo","Apartamento","54","2","2","No","No","36","Antonio Nariño","Restrepo","3","4.592564","-74.105091","220","4.27","47000","140","80000","185000","312000","240100000","1290000","1290000"
"SHV-0716","FincaRaíz","Venta","Apartamento","90","3","2","Sí","No","39","Puente Aranda","Puente Aranda","4","4.602848","-74.092333","245","3.45","76000","199","104000","389000","569000","630700000","3710000","630700000"
"SHV-0717","Properati","Venta","Apartamento","71","3","3","No","No","55","La Candelaria","La Candelaria","2","4.577929","-74.069004","310","1.33","53000","135","68000","105000","226000","153700000","750000","153700000"
"SHV-0718","UAECD-OTC","Venta","Casa","61","3","3","No","No","36","Rafael Uribe Uribe","Marco Fidel Suárez","2","4.554888","-74.096847","200","4.93","43000","125","86000","0","129000","133800000","780000","133800000"
"SHV-0719","UAECD-OTC","Arriendo","Apartamento","49","2","1","No","No","20","Ciudad Bolívar","El Mochuelo","2","4.543838","-74.13736","170","5.91","36000","110","80000","72000","188000","133200000","560000","560000"
"SHV-0720","Metrocuadrado","Arriendo","Apartamento","63","1","1","No","No","24","Sumapaz","Sumapaz","2","4.249518","-74.369146","45","10","61000","127","89000","40000","190000","148400000","610000","610000"
"SHV-0721","FincaRaíz","Arriendo","Apartamento","108","2","2","Sí","Sí","12","Usaquén","Toberín","5","4.713831","-74.030422","180","5.58","113000","223","180000","752000","1045000","941700000","5130000","5130000"
"SHV-0722","Habi","Venta","Apartamento","133","4","4","Sí","Sí","24","Chapinero","Pardo Rubio","6","4.637225","-74.071499","320","1","231000","296","316000","1385000","1932000","1468700000","8110000","1468700000"
"SHV-0723","FincaRaíz","Venta","Apartamento","57","2","1","No","No","60","Santa Fe","Las Cruces","2","4.583401","-74.088578","290","1.98","55000","122","61000","7000","123000","128000000","730000","128000000"
"SHV-0724","UAECD-OTC","Arriendo","Casa","30","2","2","No","No","42","San Cristóbal","20 de Julio","1","4.576957","-74.095135","210","4.6","16000","85","53000","0","69000","47700000","200000","200000"
"SHV-0725","FincaRaíz","Venta","Apartamento","33","2","1","No","No","15","Usme","Alfonso López","1","4.486193","-74.123643","140","6.89","36000","78","44000","1000","81000","47900000","270000","47900000"
"SHV-0726","FincaRaíz","Arriendo","Apartamento","67","2","1","No","No","46","Tunjuelito","Tunjuelito","2","4.555916","-74.123099","190","5.25","59000","119","87000","33000","179000","175500000","830000","830000"
"SHV-0727","FincaRaíz","Venta","Apartamento","52","1","1","No","No","14","Bosa","Bosa Central","1","4.628212","-74.204075","160","6.24","37000","102","32000","34000","103000","82400000","380000","82400000"
"SHV-0728","Properati","Venta","Apartamento","75","3","3","No","No","29","Kennedy","Timiza","2","4.609872","-74.139031","230","3.95","54000","140","82000","27000","163000","179600000","780000","179600000"
"SHV-0729","Metrocuadrado","Venta","Apartamento","77","2","2","Sí","Sí","30","Fontibón","Fontibón","4","4.676847","-74.133929","200","4.93","92000","180","95000","416000","603000","433700000","2600000","433700000"
"SHV-0730","Habi","Venta","Apartamento","79","2","1","Sí","Sí","26","Engativá","Garcés Navas","4","4.705447","-74.109253","175","5.75","72000","222","136000","392000","600000","509400000","2100000","509400000"
"SHV-0731","Properati","Venta","Casa","72","3","3","Sí","Sí","15","Suba","Tibabuyes","4","4.728451","-74.102236","195","5.09","95000","185","104000","95000","294000","440000000","2490000","440000000"
"SHV-0732","UAECD-OTC","Venta","Apartamento","97","2","1","Sí","Sí","37","Barrios Unidos","Alcázares","4","4.676348","-74.064872","265","2.8","76000","207","154000","404000","634000","635700000","3360000","635700000"
"SHV-0733","Habi","Venta","Apartamento","100","3","3","Sí","Sí","10","Teusaquillo","Nicolás de Federmán","4","4.620819","-74.08168","300","1.65","70000","228","171000","493000","734000","624700000","3420000","624700000"
"SHV-0734","FincaRaíz","Venta","Casa","77","2","1","No","Sí","58","Los Mártires","La Sabana","3","4.596312","-74.079665","280","2.31","51000","181","72000","0","123000","233800000","1270000","233800000"
"SHV-0735","Habi","Venta","Apartamento","71","2","1","Sí","No","60","Antonio Nariño","Restrepo","3","4.555974","-74.090783","220","4.27","42000","175","77000","194000","313000","264100000","1510000","264100000"
"SHV-0736","UAECD-OTC","Arriendo","Casa","38","2","2","No","No","15","Puente Aranda","Muzú","3","4.607157","-74.119726","245","3.45","59000","130","65000","0","124000","138100000","600000","600000"
"SHV-0737","UAECD-OTC","Arriendo","Apartamento","63","4","4","No","No","60","La Candelaria","La Candelaria","3","4.576072","-74.068019","310","1.33","41000","175","78000","149000","268000","217400000","870000","870000"
"SHV-0738","Habi","Arriendo","Casa","33","2","1","No","No","14","Rafael Uribe Uribe","Quiroga","2","4.5364","-74.120739","200","4.93","43000","96","56000","32000","131000","93100000","480000","480000"
"SHV-0739","UAECD-OTC","Venta","Apartamento","45","2","1","No","No","22","Ciudad Bolívar","El Mochuelo","2","4.513207","-74.162584","170","5.91","32000","106","60000","6000","98000","119900000","560000","119900000"
"SHV-0740","Metrocuadrado","Venta","Apartamento","50","2","1","No","No","37","Sumapaz","Sumapaz","1","4.24681","-74.36814","45","10","31000","92","32000","66000","129000","92800000","390000","92800000"
"SHV-0741","Metrocuadrado","Venta","Apartamento","276","4","4","Sí","Sí","27","Usaquén","Santa Bárbara","6","4.71793","-74.013685","180","5.58","382000","610","612000","3276000","4270000","3073000000","13440000","3073000000"
"SHV-0742","Habi","Venta","Apartamento","104","4","3","Sí","Sí","26","Chapinero","Chapinero","4","4.646702","-74.048944","320","1","102000","190","119000","549000","770000","624300000","2910000","624300000"
"SHV-0743","Habi","Venta","Apartamento","62","3","3","No","No","60","Santa Fe","Lourdes","2","4.602618","-74.070319","290","1.98","53000","116","76000","42000","171000","147900000","610000","147900000"
"SHV-0744","Metrocuadrado","Venta","Casa","40","1","1","No","No","32","San Cristóbal","20 de Julio","1","4.577528","-74.061577","210","4.6","33000","84","57000","0","90000","69500000","290000","69500000"
"SHV-0745","FincaRaíz","Venta","Apartamento","54","2","1","No","No","9","Usme","Gran Yomasa","2","4.476198","-74.115803","140","6.89","39000","119","51000","28000","118000","122800000","720000","122800000"
"SHV-0746","Metrocuadrado","Venta","Apartamento","52","2","2","No","No","7","Tunjuelito","Tunjuelito","2","4.589035","-74.124968","190","5.25","45000","123","62000","14000","121000","146600000","680000","146600000"
"SHV-0747","Habi","Arriendo","Apartamento","37","3","2","No","No","21","Bosa","El Porvenir","2","4.615015","-74.181125","160","6.24","49000","115","43000","40000","132000","93400000","560000","560000"
"SHV-0748","Properati","Arriendo","Casa","43","2","1","No","Sí","24","Kennedy","Calandaima","3","4.608037","-74.17555","230","3.95","38000","128","91000","0","129000","158800000","940000","940000"
"SHV-0749","UAECD-OTC","Venta","Casa","89","3","3","Sí","No","17","Fontibón","Modelia","3","4.658621","-74.126185","200","4.93","77000","156","118000","0","195000","376300000","1610000","376300000"
"SHV-0750","FincaRaíz","Venta","Apartamento","111","4","3","Sí","Sí","27","Engativá","Engativá","4","4.715163","-74.124421","175","5.75","76000","179","150000","499000","725000","769500000","4180000","769500000"
"SHV-0751","Habi","Venta","Apartamento","25","3","2","Sí","No","20","Suba","Suba","2","4.76541","-74.110379","195","5.09","45000","104","43000","13000","101000","71100000","370000","71100000"
"SHV-0752","FincaRaíz","Venta","Apartamento","71","3","3","Sí","Sí","28","Barrios Unidos","12 de Octubre","3","4.66664","-74.064446","265","2.8","70000","175","99000","246000","415000","284400000","1530000","284400000"
"SHV-0753","Properati","Arriendo","Apartamento","120","3","2","Sí","Sí","24","Teusaquillo","Galerías","5","4.649502","-74.104945","300","1.65","157000","298","197000","942000","1296000","990500000","4150000","4150000"
"SHV-0754","UAECD-OTC","Venta","Apartamento","42","2","1","No","No","25","Los Mártires","La Sabana","2","4.629977","-74.115284","280","2.31","38000","97","44000","54000","136000","90200000","390000","90200000"
"SHV-0755","Habi","Arriendo","Apartamento","64","3","2","Sí","No","60","Antonio Nariño","Restrepo","3","4.604635","-74.10334","220","4.27","42000","124","89000","199000","330000","215300000","890000","890000"
"SHV-0756","UAECD-OTC","Venta","Apartamento","92","2","1","No","Sí","60","Puente Aranda","Muzú","4","4.634098","-74.114674","245","3.45","109000","235","157000","395000","661000","519100000","2700000","519100000"
"SHV-0757","UAECD-OTC","Venta","Casa","63","3","3","No","No","55","La Candelaria","La Candelaria","2","4.590878","-74.052938","310","1.33","48000","109","58000","29000","135000","164200000","980000","164200000"
"SHV-0758","UAECD-OTC","Arriendo","Apartamento","46","2","2","No","No","22","Rafael Uribe Uribe","Quiroga","3","4.543521","-74.085642","200","4.93","60000","114","71000","100000","231000","164400000","880000","880000"
"SHV-0759","UAECD-OTC","Arriendo","Apartamento","65","3","2","No","No","18","Ciudad Bolívar","El Mochuelo","2","4.517921","-74.138047","170","5.91","61000","127","87000","52000","200000","155300000","840000","840000"
"SHV-0760","FincaRaíz","Venta","Apartamento","45","3","3","No","No","19","Sumapaz","Sumapaz","1","4.283758","-74.382985","45","10","41000","132","36000","39000","116000","73100000","440000","73100000"
"SHV-0761","FincaRaíz","Arriendo","Apartamento","125","2","1","Sí","Sí","1","Usaquén","Santa Bárbara","5","4.722632","-74.049826","180","5.58","192000","280","180000","886000","1258000","1182000000","6330000","6330000"
"SHV-0762","Properati","Arriendo","Apartamento","172","4","3","Sí","No","23","Chapinero","Chapinero","6","4.665112","-74.060937","320","1","270000","465","423000","1984000","2677000","2424200000","9890000","9890000"
"SHV-0763","Habi","Arriendo","Apartamento","88","2","1","No","No","60","Santa Fe","Sagrado Corazón","2","4.613923","-74.091768","290","1.98","75000","137","88000","24000","187000","181900000","1040000","1040000"
"SHV-0764","Properati","Arriendo","Apartamento","57","1","1","No","No","44","San Cristóbal","20 de Julio","2","4.554982","-74.066185","210","4.6","53000","124","47000","42000","142000","137200000","650000","650000"
"SHV-0765","Habi","Arriendo","Apartamento","64","1","1","Sí","No","8","Usme","La Flora","2","4.456105","-74.14761","140","6.89","29000","166","87000","15000","131000","166700000","670000","670000"
"SHV-0766","Properati","Venta","Apartamento","56","3","2","No","Sí","60","Tunjuelito","Venecia","3","4.570667","-74.135862","190","5.25","54000","163","90000","152000","296000","191800000","960000","191800000"
"SHV-0767","UAECD-OTC","Arriendo","Apartamento","49","3","3","No","No","8","Bosa","El Porvenir","1","4.637472","-74.211324","160","6.24","32000","102","55000","50000","137000","82100000","480000","480000"
"SHV-0768","Metrocuadrado","Venta","Casa","46","1","1","No","No","37","Kennedy","Timiza","3","4.638666","-74.148952","230","3.95","62000","127","57000","0","119000","169400000","760000","169400000"
"SHV-0769","UAECD-OTC","Arriendo","Casa","91","4","3","Sí","No","15","Fontibón","Granjas de Techo","4","4.68109","-74.141026","200","4.93","93000","211","168000","0","261000","484600000","2410000","2410000"
"SHV-0770","Habi","Venta","Apartamento","85","3","2","No","Sí","26","Engativá","Garcés Navas","4","4.695899","-74.106218","175","5.75","70000","165","136000","375000","581000","587500000","2550000","587500000"
"SHV-0771","Habi","Venta","Apartamento","70","2","1","Sí","No","19","Suba","Niza","2","4.765972","-74.093873","195","5.09","41000","124","97000","17000","155000","135900000","560000","135900000"
"SHV-0772","Habi","Arriendo","Apartamento","54","4","4","No","No","18","Barrios Unidos","Los Andes","3","4.684877","-74.081836","265","2.8","35000","141","64000","120000","219000","226100000","940000","940000"
"SHV-0773","UAECD-OTC","Arriendo","Apartamento","153","3","3","No","Sí","36","Teusaquillo","Nicolás de Federmán","5","4.634566","-74.101774","300","1.65","196000","366","262000","1045000","1503000","1464600000","7990000","7990000"
"SHV-0774","FincaRaíz","Arriendo","Apartamento","84","3","3","No","No","53","Los Mártires","Ricaurte","3","4.58624","-74.074685","280","2.31","42000","215","89000","222000","353000","272600000","1560000","1560000"
"SHV-0775","FincaRaíz","Arriendo","Apartamento","41","1","1","Sí","No","60","Antonio Nariño","Restrepo","2","4.58295","-74.123123","220","4.27","49000","101","73000","38000","160000","95300000","410000","410000"
"SHV-0776","Habi","Venta","Apartamento","56","2","1","Sí","Sí","36","Puente Aranda","Muzú","4","4.62809","-74.120509","245","3.45","56000","143","92000","262000","410000","390500000","1790000","390500000"
"SHV-0777","Properati","Arriendo","Casa","53","2","2","No","Sí","20","La Candelaria","La Candelaria","2","4.601693","-74.073511","310","1.33","51000","137","81000","0","132000","136500000","600000","600000"
"SHV-0778","Metrocuadrado","Venta","Apartamento","71","2","1","No","No","32","Rafael Uribe Uribe","Marruecos","3","4.566821","-74.126075","200","4.93","67000","143","73000","172000","312000","248800000","1010000","248800000"
"SHV-0779","UAECD-OTC","Arriendo","Apartamento","71","4","4","No","No","21","Ciudad Bolívar","Tesoro","2","4.541591","-74.159807","170","5.91","58000","145","102000","18000","178000","153900000","790000","790000"
"SHV-0780","FincaRaíz","Venta","Apartamento","56","2","1","Sí","No","20","Sumapaz","Sumapaz","2","4.293786","-74.380576","45","10","49000","103","72000","78000","199000","125300000","680000","125300000"
"SHV-0781","UAECD-OTC","Venta","Apartamento","96","4","4","Sí","Sí","6","Usaquén","Santa Bárbara","6","4.718718","-74.033745","180","5.58","173000","228","330000","984000","1487000","1159300000","6140000","1159300000"
"SHV-0782","Properati","Venta","Apartamento","114","3","3","Sí","Sí","17","Chapinero","Chapinero","4","4.670891","-74.04157","320","1","120000","275","165000","512000","797000","555300000","2650000","555300000"
"SHV-0783","FincaRaíz","Arriendo","Apartamento","32","2","2","No","No","49","Santa Fe","Lourdes","2","4.578931","-74.053883","290","1.98","30000","83","67000","2000","99000","73900000","380000","380000"
"SHV-0784","Habi","Venta","Apartamento","48","2","1","Sí","Sí","32","San Cristóbal","20 de Julio","2","4.540774","-74.069824","210","4.6","37000","141","82000","41000","160000","105100000","440000","105100000"
"SHV-0785","Properati","Venta","Apartamento","58","2","2","No","No","9","Usme","Gran Yomasa","1","4.463404","-74.148541","140","6.89","36000","112","64000","5000","105000","89400000","390000","89400000"
"SHV-0786","Properati","Venta","Apartamento","62","2","2","No","Sí","44","Tunjuelito","Venecia","2","4.576057","-74.159764","190","5.25","57000","112","63000","51000","171000","178000000","1040000","178000000"
"SHV-0787","Properati","Arriendo","Apartamento","46","3","3","No","No","21","Bosa","Apogeo","1","4.641216","-74.223763","160","6.24","30000","91","41000","11000","82000","85100000","470000","470000"
"SHV-0788","Properati","Arriendo","Apartamento","67","1","1","Sí","No","41","Kennedy","Carvajal","3","4.648014","-74.155333","230","3.95","42000","123","102000","146000","290000","296300000","1730000","1730000"
"SHV-0789","Habi","Arriendo","Apartamento","72","2","1","Sí","No","22","Fontibón","Modelia","3","4.656444","-74.138525","200","4.93","62000","135","65000","199000","326000","211400000","1230000","1230000"
"SHV-0790","Properati","Venta","Apartamento","80","4","3","Sí","Sí","34","Engativá","Minuto de Dios","4","4.681425","-74.13503","175","5.75","85000","200","129000","353000","567000","481900000","2550000","481900000"
"SHV-0791","Metrocuadrado","Venta","Apartamento","66","2","2","No","No","26","Suba","Andes","3","4.754127","-74.07568","195","5.09","36000","138","70000","148000","254000","244900000","1430000","244900000"
"SHV-0792","Properati","Venta","Apartamento","61","3","3","Sí","Sí","42","Barrios Unidos","12 de Octubre","3","4.684974","-74.09346","265","2.8","68000","165","111000","176000","355000","241800000","1170000","241800000"
"SHV-0793","FincaRaíz","Venta","Apartamento","62","2","1","Sí","No","38","Teusaquillo","Nicolás de Federmán","4","4.616469","-74.107711","300","1.65","87000","176","134000","308000","529000","458500000","1840000","458500000"
"SHV-0794","UAECD-OTC","Venta","Apartamento","50","2","2","No","Sí","60","Los Mártires","La Sabana","2","4.581295","-74.115829","280","2.31","34000","129","80000","19000","133000","127300000","530000","127300000"
"SHV-0795","FincaRaíz","Arriendo","Apartamento","74","2","1","Sí","No","38","Antonio Nariño","Restrepo","3","4.58928","-74.106662","220","4.27","81000","186","128000","167000","376000","237000000","1000000","1000000"
"SHV-0796","FincaRaíz","Arriendo","Casa","112","2","1","Sí","No","60","Puente Aranda","Puente Aranda","4","4.639097","-74.117596","245","3.45","73000","180","161000","0","234000","758600000","3180000","3180000"
"SHV-0797","UAECD-OTC","Venta","Apartamento","30","2","1","Sí","No","60","La Candelaria","La Candelaria","3","4.615181","-74.076971","310","1.33","55000","120","67000","93000","215000","92500000","440000","92500000"
"SHV-0798","Properati","Arriendo","Apartamento","75","2","2","No","No","18","Rafael Uribe Uribe","Marruecos","3","4.55941","-74.094801","200","4.93","84000","148","96000","172000","352000","236700000","1280000","1280000"
"SHV-0799","Properati","Venta","Apartamento","50","2","2","No","No","27","Ciudad Bolívar","El Mochuelo","1","4.514859","-74.158415","170","5.91","21000","127","55000","25000","101000","85600000","480000","85600000"
"SHV-0800","Metrocuadrado","Arriendo","Apartamento","70","3","2","No","No","29","Sumapaz","Sumapaz","1","4.266564","-74.366571","45","10","48000","161","49000","70000","167000","117600000","610000","610000"
"SHV-0801","Properati","Arriendo","Apartamento","131","2","1","Sí","Sí","23","Usaquén","Country Club","4","4.678433","-74.012888","180","5.58","128000","292","148000","591000","867000","961800000","4130000","4130000"
"SHV-0802","Habi","Venta","Apartamento","188","2","1","Sí","No","6","Chapinero","Pardo Rubio","5","4.638487","-74.082925","320","1","137000","346","347000","1500000","1984000","1817800000","9990000","1817800000"
"SHV-0803","Properati","Venta","Casa","36","1","1","No","No","55","Santa Fe","La Macarena","2","4.609193","-74.095668","290","1.98","40000","116","65000","0","105000","75600000","360000","75600000"
"SHV-0804","FincaRaíz","Arriendo","Casa","44","3","3","No","No","60","San Cristóbal","San Blas","1","4.58133","-74.079661","210","4.6","21000","121","66000","24000","111000","72500000","290000","290000"
"SHV-0805","Metrocuadrado","Venta","Casa","69","3","3","No","No","19","Usme","Alfonso López","2","4.48957","-74.105562","140","6.89","56000","128","90000","20000","166000","191000000","870000","191000000"
"SHV-0806","Metrocuadrado","Arriendo","Casa","83","2","1","Sí","No","41","Tunjuelito","Venecia","3","4.587291","-74.159399","190","5.25","85000","177","120000","0","205000","370600000","1730000","1730000"
"SHV-0807","FincaRaíz","Venta","Apartamento","29","2","2","No","No","19","Bosa","Apogeo","1","4.631732","-74.223039","160","6.24","23000","91","51000","32000","106000","52300000","240000","52300000"
"SHV-0808","Metrocuadrado","Arriendo","Casa","61","3","3","No","No","27","Kennedy","Castilla","3","4.628619","-74.163558","230","3.95","53000","117","60000","0","113000","182400000","1030000","1030000"
"SHV-0809","Properati","Arriendo","Casa","55","1","1","Sí","Sí","17","Fontibón","Fontibón","3","4.658855","-74.169752","200","4.93","49000","154","79000","0","128000","181000000","1000000","1000000"
"SHV-0810","Metrocuadrado","Arriendo","Apartamento","81","4","4","Sí","No","39","Engativá","Engativá","4","4.706628","-74.138192","175","5.75","82000","223","152000","408000","642000","534400000","2880000","2880000"
"SHV-0811","Habi","Arriendo","Apartamento","153","3","3","Sí","Sí","7","Suba","Niza","5","4.747273","-74.106368","195","5.09","225000","380","291000","938000","1454000","1263100000","5400000","5400000"
"SHV-0812","Habi","Arriendo","Apartamento","71","2","1","No","Sí","52","Barrios Unidos","Alcázares","3","4.670772","-74.096533","265","2.8","79000","170","69000","176000","324000","220500000","1240000","1240000"
"SHV-0813","Properati","Venta","Apartamento","90","4","3","Sí","Sí","44","Teusaquillo","Nicolás de Federmán","4","4.625547","-74.102762","300","1.65","93000","204","141000","384000","618000","570200000","3050000","570200000"
"SHV-0814","Habi","Venta","Apartamento","53","2","2","No","No","60","Los Mártires","La Sabana","2","4.59692","-74.077431","280","2.31","54000","137","84000","57000","195000","144100000","630000","144100000"
"SHV-0815","FincaRaíz","Arriendo","Casa","66","3","2","No","No","56","Antonio Nariño","Restrepo","3","4.582296","-74.088752","220","4.27","77000","122","85000","0","162000","217200000","1150000","1150000"
"SHV-0816","FincaRaíz","Arriendo","Apartamento","86","4","4","Sí","Sí","44","Puente Aranda","Puente Aranda","4","4.642482","-74.092332","245","3.45","77000","179","112000","372000","561000","501100000","2490000","2490000"
"SHV-0817","FincaRaíz","Venta","Apartamento","54","2","2","No","No","60","La Candelaria","La Candelaria","2","4.571819","-74.076386","310","1.33","36000","108","62000","18000","116000","120800000","590000","120800000"
"SHV-0818","FincaRaíz","Venta","Apartamento","67","2","1","Sí","No","46","Rafael Uribe Uribe","Quiroga","3","4.534988","-74.084928","200","4.93","80000","180","121000","181000","382000","259600000","1100000","259600000"
"SHV-0819","Habi","Arriendo","Apartamento","60","2","1","No","No","23","Ciudad Bolívar","Lucero","2","4.538203","-74.16455","170","5.91","53000","121","66000","17000","136000","160300000","810000","810000"
"SHV-0820","UAECD-OTC","Arriendo","Casa","49","2","1","No","No","17","Sumapaz","Sumapaz","1","4.277694","-74.344908","45","10","29000","129","43000","0","72000","81800000","340000","340000"
"SHV-0821","Metrocuadrado","Venta","Apartamento","83","3","3","Sí","Sí","12","Usaquén","Santa Bárbara","6","4.718666","-74.043545","180","5.58","128000","255","245000","775000","1148000","1256900000","5440000","1256900000"
"SHV-0822","Habi","Venta","Apartamento","205","4","4","Sí","Sí","27","Chapinero","El Refugio","6","4.662872","-74.048436","320","1","256000","440","515000","1780000","2551000","2188700000","9340000","2188700000"
"SHV-0823","Metrocuadrado","Venta","Casa","38","3","3","Sí","Sí","37","Santa Fe","Sagrado Corazón","3","4.625264","-74.072761","290","1.98","53000","133","80000","54000","187000","128400000","760000","128400000"
"SHV-0824","Habi","Arriendo","Apartamento","55","2","1","No","No","59","San Cristóbal","20 de Julio","2","4.544212","-74.093195","210","4.6","29000","117","74000","26000","129000","112500000","510000","510000"
"SHV-0825","Properati","Venta","Casa","39","2","1","No","No","12","Usme","Alfonso López","1","4.476797","-74.143111","140","6.89","23000","96","47000","0","70000","59000000","280000","59000000"
"SHV-0826","FincaRaíz","Venta","Apartamento","75","2","2","No","Sí","42","Tunjuelito","Venecia","3","4.5509","-74.131346","190","5.25","47000","152","128000","253000","428000","279200000","1300000","279200000"
"SHV-0827","Metrocuadrado","Venta","Apartamento","46","2","1","No","No","0","Bosa","Bosa Occidental","1","4.642006","-74.212249","160","6.24","29000","127","50000","68000","147000","72400000","420000","72400000"
"SHV-0828","FincaRaíz","Venta","Apartamento","66","1","1","Sí","No","36","Kennedy","Timiza","2","4.608953","-74.149862","230","3.95","33000","170","86000","89000","208000","187300000","960000","187300000"
"SHV-0829","Habi","Venta","Apartamento","64","3","2","Sí","No","19","Fontibón","Granjas de Techo","3","4.666148","-74.135202","200","4.93","77000","163","104000","157000","338000","250100000","1460000","250100000"
"SHV-0830","FincaRaíz","Arriendo","Apartamento","69","1","1","Sí","No","20","Engativá","Minuto de Dios","3","4.701457","-74.099548","175","5.75","80000","167","99000","154000","333000","302000000","1390000","1390000"
"SHV-0831","Habi","Venta","Apartamento","67","4","3","Sí","Sí","19","Suba","Niza","4","4.735632","-74.083477","195","5.09","54000","188","125000","288000","467000","494800000","2090000","494800000"
"SHV-0832","Properati","Arriendo","Apartamento","61","3","2","Sí","Sí","54","Barrios Unidos","Alcázares","3","4.682893","-74.087953","265","2.8","63000","126","102000","188000","353000","185200000","950000","950000"
"SHV-0833","Metrocuadrado","Venta","Casa","151","3","2","Sí","Sí","59","Teusaquillo","Nicolás de Federmán","5","4.662211","-74.089909","300","1.65","129000","373","318000","320000","767000","1263400000","5930000","1263400000"
"SHV-0834","Habi","Venta","Apartamento","65","1","1","No","No","39","Los Mártires","La Sabana","3","4.596172","-74.096929","280","2.31","74000","134","100000","187000","361000","277600000","1560000","277600000"
"SHV-0835","FincaRaíz","Arriendo","Casa","78","3","3","Sí","No","29","Antonio Nariño","Antonio Nariño","2","4.570103","-74.112864","220","4.27","47000","133","101000","37000","185000","194900000","1120000","1120000"
"SHV-0836","FincaRaíz","Venta","Apartamento","55","2","2","Sí","Sí","60","Puente Aranda","Ciudad Montes","4","4.629746","-74.122343","245","3.45","84000","180","137000","220000","441000","343400000","1700000","343400000"
"SHV-0837","UAECD-OTC","Arriendo","Apartamento","68","3","3","No","Sí","31","La Candelaria","La Candelaria","2","4.603831","-74.052029","310","1.33","30000","119","94000","97000","221000","169400000","1010000","1010000"
"SHV-0838","UAECD-OTC","Venta","Casa","81","1","1","Sí","No","38","Rafael Uribe Uribe","Quiroga","3","4.579607","-74.108574","200","4.93","67000","187","98000","0","165000","312900000","1600000","312900000"
"SHV-0839","Habi","Arriendo","Casa","50","2","1","No","No","27","Ciudad Bolívar","Lucero","1","4.54076","-74.168661","170","5.91","36000","130","71000","0","107000","100100000","450000","450000"
"SHV-0840","FincaRaíz","Venta","Casa","36","2","2","No","No","13","Sumapaz","Sumapaz","1","4.292236","-74.357727","45","10","23000","75","40000","0","63000","70800000","350000","70800000"
"SHV-0841","Habi","Venta","Apartamento","203","4","4","No","Sí","12","Usaquén","Santa Bárbara","6","4.726862","-74.016386","180","5.58","300000","305","407000","2101000","2808000","2662800000","10850000","2662800000"
"SHV-0842","Properati","Arriendo","Apartamento","243","4","3","Sí","Sí","10","Chapinero","Chico Lago","6","4.640274","-74.046177","320","1","349000","467","365000","2857000","3571000","3114800000","17470000","17470000"
"SHV-0843","Metrocuadrado","Venta","Casa","76","2","2","No","No","39","Santa Fe","Las Cruces","2","4.61181","-74.058341","290","1.98","68000","177","91000","10000","169000","157100000","660000","157100000"
"SHV-0844","FincaRaíz","Arriendo","Apartamento","59","2","2","No","No","39","San Cristóbal","20 de Julio","1","4.540054","-74.098714","210","4.6","26000","123","59000","74000","159000","106100000","490000","490000"
"SHV-0845","UAECD-OTC","Venta","Apartamento","44","2","2","No","No","9","Usme","La Flora","2","4.484963","-74.107022","140","6.89","51000","97","79000","44000","174000","123100000","630000","123100000"
"SHV-0846","Habi","Arriendo","Apartamento","41","1","1","No","Sí","60","Tunjuelito","Venecia","3","4.591732","-74.143002","190","5.25","62000","147","62000","129000","253000","135100000","550000","550000"
"SHV-0847","Habi","Arriendo","Apartamento","48","1","1","No","No","3","Bosa","El Porvenir","1","4.596717","-74.208509","160","6.24","42000","100","68000","53000","163000","75900000","320000","320000"
"SHV-0848","Metrocuadrado","Venta","Apartamento","68","2","1","Sí","Sí","14","Kennedy","Américas","3","4.633685","-74.185564","230","3.95","40000","164","93000","189000","322000","295400000","1590000","295400000"
"SHV-0849","Metrocuadrado","Arriendo","Apartamento","69","3","2","Sí","Sí","6","Fontibón","Modelia","3","4.674312","-74.172715","200","4.93","76000","165","78000","206000","360000","300400000","1240000","1240000"
"SHV-0850","Properati","Arriendo","Apartamento","56","2","1","No","No","37","Engativá","Garcés Navas","3","4.68296","-74.103982","175","5.75","35000","153","83000","142000","260000","189300000","940000","940000"
"SHV-0851","FincaRaíz","Arriendo","Apartamento","119","3","2","Sí","Sí","18","Suba","Andes","5","4.729945","-74.088136","195","5.09","115000","235","282000","833000","1230000","1159600000","5420000","5420000"
"SHV-0852","Properati","Venta","Apartamento","94","3","3","Sí","Sí","35","Barrios Unidos","Alcázares","4","4.691826","-74.087334","265","2.8","112000","231","160000","443000","715000","646100000","2880000","646100000"
"SHV-0853","FincaRaíz","Venta","Apartamento","115","3","3","Sí","No","58","Teusaquillo","Nicolás de Federmán","4","4.616","-74.080596","300","1.65","88000","275","140000","467000","695000","690400000","3020000","690400000"
"SHV-0854","FincaRaíz","Venta","Casa","56","1","1","No","No","15","Los Mártires","La Sabana","2","4.600393","-74.08433","280","2.31","27000","150","54000","11000","92000","111400000","620000","111400000"
"SHV-0855","FincaRaíz","Venta","Apartamento","56","1","1","Sí","No","59","Antonio Nariño","Restrepo","2","4.596989","-74.107914","220","4.27","55000","137","89000","76000","220000","124600000","740000","124600000"
"SHV-0856","UAECD-OTC","Venta","Apartamento","51","3","3","Sí","No","58","Puente Aranda","Puente Aranda","3","4.625745","-74.096477","245","3.45","45000","134","61000","136000","242000","225900000","970000","225900000"
"SHV-0857","UAECD-OTC","Venta","Apartamento","53","2","1","No","No","60","La Candelaria","La Candelaria","2","4.609646","-74.098003","310","1.33","42000","129","47000","41000","130000","112100000","660000","112100000"
"SHV-0858","Habi","Venta","Apartamento","50","2","2","No","No","52","Rafael Uribe Uribe","Marruecos","2","4.548854","-74.098429","200","4.93","47000","135","67000","27000","141000","128500000","670000","128500000"
"SHV-0859","Habi","Arriendo","Apartamento","51","2","1","No","No","11","Ciudad Bolívar","El Mochuelo","1","4.521426","-74.170683","170","5.91","46000","94","38000","61000","145000","101500000","540000","540000"
"SHV-0860","FincaRaíz","Venta","Casa","34","3","3","No","No","32","Sumapaz","Sumapaz","2","4.285902","-74.360913","45","10","44000","110","39000","0","83000","73300000","400000","73300000"
"SHV-0861","Properati","Arriendo","Apartamento","99","3","3","Sí","No","20","Usaquén","Toberín","5","4.713852","-74.009376","180","5.58","182000","276","178000","694000","1054000","909500000","4920000","4920000"
"SHV-0862","Metrocuadrado","Venta","Apartamento","130","3","2","Sí","Sí","0","Chapinero","El Refugio","5","4.63396","-74.08545","320","1","158000","250","190000","1020000","1368000","1092900000","6160000","1092900000"
"SHV-0863","FincaRaíz","Venta","Apartamento","59","3","2","No","No","51","Santa Fe","Lourdes","2","4.581373","-74.076239","290","1.98","47000","110","73000","48000","168000","163300000","810000","163300000"
"SHV-0864","UAECD-OTC","Venta","Apartamento","57","2","2","No","No","38","San Cristóbal","20 de Julio","1","4.580393","-74.090322","210","4.6","34000","141","58000","80000","172000","101200000","510000","101200000"
"SHV-0865","FincaRaíz","Arriendo","Apartamento","48","2","2","No","No","17","Usme","La Flora","2","4.460228","-74.14069","140","6.89","27000","145","58000","9000","94000","121800000","570000","570000"
"SHV-0866","Habi","Arriendo","Apartamento","64","3","2","Sí","No","60","Tunjuelito","Tunjuelito","2","4.562427","-74.139793","190","5.25","27000","164","53000","38000","118000","128300000","540000","540000"
"SHV-0867","Habi","Arriendo","Apartamento","64","2","2","No","No","6","Bosa","Apogeo","2","4.619952","-74.193218","160","6.24","46000","161","80000","30000","156000","132500000","710000","710000"
"SHV-0868","Properati","Venta","Apartamento","65","2","2","No","No","58","Kennedy","Timiza","2","4.631022","-74.164514","230","3.95","63000","146","85000","83000","231000","131000000","530000","131000000"
"SHV-0869","FincaRaíz","Venta","Apartamento","84","2","2","Sí","No","37","Fontibón","Fontibón","4","4.671868","-74.155588","200","4.93","104000","205","152000","370000","626000","546900000","2490000","546900000"
"SHV-0870","FincaRaíz","Arriendo","Apartamento","38","4","3","Sí","Sí","29","Engativá","Garcés Navas","3","4.680619","-74.106234","175","5.75","31000","95","72000","86000","189000","138500000","580000","580000"
"SHV-0871","Metrocuadrado","Venta","Apartamento","36","3","3","No","No","12","Suba","Casa Blanca Suba","2","4.759591","-74.084953","195","5.09","36000","104","43000","20000","99000","89700000","390000","89700000"
"SHV-0872","UAECD-OTC","Arriendo","Casa","96","2","2","Sí","Sí","22","Barrios Unidos","Los Andes","4","4.668698","-74.067047","265","2.8","71000","190","127000","0","198000","664800000","3510000","3510000"
"SHV-0873","Metrocuadrado","Venta","Apartamento","97","4","3","Sí","Sí","49","Teusaquillo","Nicolás de Federmán","4","4.619747","-74.117583","300","1.65","70000","207","149000","522000","741000","601400000","3160000","601400000"
"SHV-0874","Properati","Venta","Apartamento","72","2","1","No","No","59","Los Mártires","La Sabana","3","4.581029","-74.092961","280","2.31","60000","156","79000","226000","365000","288200000","1400000","288200000"
"SHV-0875","FincaRaíz","Venta","Casa","68","1","1","No","Sí","48","Antonio Nariño","Restrepo","3","4.563345","-74.083104","220","4.27","46000","187","79000","0","125000","296900000","1240000","296900000"
"SHV-0876","Properati","Arriendo","Casa","95","2","1","Sí","Sí","17","Puente Aranda","Ciudad Montes","4","4.632517","-74.113503","245","3.45","65000","235","146000","0","211000","695500000","3380000","3380000"
"SHV-0877","UAECD-OTC","Venta","Apartamento","100","3","3","Sí","Sí","60","La Candelaria","La Candelaria","3","4.594165","-74.07921","310","1.33","97000","219","112000","317000","526000","362400000","1710000","362400000"
"SHV-0878","UAECD-OTC","Venta","Apartamento","52","2","2","Sí","Sí","22","Rafael Uribe Uribe","Marco Fidel Suárez","3","4.578699","-74.089569","200","4.93","54000","165","62000","166000","282000","223000000","1210000","223000000"
"SHV-0879","UAECD-OTC","Venta","Apartamento","47","2","1","Sí","No","15","Ciudad Bolívar","Arborizadora","2","4.526418","-74.169298","170","5.91","35000","120","70000","58000","163000","130100000","670000","130100000"
"SHV-0880","Metrocuadrado","Arriendo","Apartamento","46","2","1","No","No","19","Sumapaz","Sumapaz","1","4.292647","-74.371104","45","10","27000","85","34000","33000","94000","83900000","420000","420000"
"SHV-0881","Metrocuadrado","Venta","Casa","97","4","4","Sí","Sí","15","Usaquén","Country Club","5","4.725678","-74.046275","180","5.58","125000","290","247000","206000","578000","911500000","4530000","911500000"
"SHV-0882","Habi","Arriendo","Casa","89","3","2","Sí","No","25","Chapinero","El Refugio","4","4.669757","-74.07972","320","1","79000","178","119000","105000","303000","524900000","3110000","3110000"
"SHV-0883","UAECD-OTC","Venta","Apartamento","46","3","3","Sí","Sí","30","Santa Fe","Las Cruces","3","4.609388","-74.061232","290","1.98","63000","110","99000","144000","306000","162600000","900000","162600000"
"SHV-0884","Properati","Venta","Apartamento","54","3","3","No","No","42","San Cristóbal","20 de Julio","2","4.539325","-74.100601","210","4.6","26000","100","53000","36000","115000","119800000","600000","119800000"
"SHV-0885","Habi","Venta","Apartamento","28","1","1","No","Sí","17","Usme","Alfonso López","2","4.458056","-74.144878","140","6.89","43000","96","38000","32000","113000","75200000","370000","75200000"
"SHV-0886","Metrocuadrado","Venta","Apartamento","72","2","2","No","No","60","Tunjuelito","Venecia","2","4.585955","-74.137407","190","5.25","42000","154","59000","15000","116000","143200000","580000","143200000"
"SHV-0887","Habi","Venta","Apartamento","51","3","3","No","Sí","16","Bosa","Apogeo","1","4.599116","-74.187128","160","6.24","20000","127","57000","49000","126000","89600000","530000","89600000"
"SHV-0888","Metrocuadrado","Venta","Apartamento","54","1","1","No","No","60","Kennedy","Calandaima","2","4.609261","-74.172512","230","3.95","49000","135","71000","75000","195000","138200000","640000","138200000"
"SHV-0889","FincaRaíz","Venta","Apartamento","99","2","1","Sí","No","14","Fontibón","Granjas de Techo","4","4.680772","-74.146696","200","4.93","66000","184","134000","465000","665000","674100000","3040000","674100000"
"SHV-0890","Metrocuadrado","Venta","Apartamento","108","3","3","No","No","21","Engativá","Santa Cecilia","4","4.693938","-74.115556","175","5.75","87000","241","192000","569000","848000","670400000","4020000","670400000"
"SHV-0891","UAECD-OTC","Venta","Apartamento","65","1","1","No","No","22","Suba","Andes","2","4.745384","-74.110114","195","5.09","54000","129","87000","47000","188000","179900000","980000","179900000"
"SHV-0892","Properati","Venta","Apartamento","93","2","2","Sí","No","43","Barrios Unidos","Alcázares","4","4.652489","-74.082339","265","2.8","68000","198","122000","484000","674000","568100000","2330000","568100000"
"SHV-0893","FincaRaíz","Venta","Casa","166","3","3","Sí","Sí","38","Teusaquillo","Nicolás de Federmán","5","4.619645","-74.103655","300","1.65","188000","349","329000","0","517000","1288600000","5310000","1288600000"
"SHV-0894","FincaRaíz","Venta","Apartamento","69","3","2","No","No","20","Los Mártires","Ricaurte","3","4.626365","-74.079961","280","2.31","49000","160","89000","140000","278000","276600000","1120000","276600000"
"SHV-0895","Metrocuadrado","Venta","Casa","55","2","2","No","No","31","Antonio Nariño","Restrepo","2","4.589018","-74.083111","220","4.27","34000","126","72000","0","106000","141800000","740000","141800000"
"SHV-0896","Properati","Venta","Apartamento","63","3","2","No","No","46","Puente Aranda","Puente Aranda","4","4.595896","-74.106534","245","3.45","81000","191","137000","264000","482000","373800000","1550000","373800000"
"SHV-0897","Habi","Arriendo","Apartamento","74","3","2","Sí","No","25","La Candelaria","La Candelaria","3","4.615576","-74.057392","310","1.33","39000","172","87000","178000","304000","278200000","1630000","1630000"
"SHV-0898","Properati","Venta","Apartamento","70","2","2","No","No","41","Rafael Uribe Uribe","Marco Fidel Suárez","3","4.557088","-74.08537","200","4.93","73000","140","64000","189000","326000","242700000","1430000","242700000"
"SHV-0899","FincaRaíz","Venta","Casa","53","2","1","Sí","No","17","Ciudad Bolívar","El Mochuelo","2","4.531253","-74.175987","170","5.91","27000","133","80000","0","107000","136500000","700000","136500000"
"SHV-0900","Habi","Arriendo","Apartamento","33","2","2","No","No","20","Sumapaz","Sumapaz","1","4.25088","-74.343413","45","10","16000","113","38000","25000","79000","54500000","290000","290000"
"SHV-0901","Habi","Venta","Apartamento","48","3","3","Sí","No","18","Usaquén","Country Club","4","4.716245","-74.039124","180","5.58","76000","126","115000","201000","392000","253100000","1160000","253100000"
"SHV-0902","Properati","Venta","Apartamento","70","3","3","No","No","21","Chapinero","Chico Lago","3","4.673606","-74.079885","320","1","69000","139","115000","203000","387000","252400000","1040000","252400000"
"SHV-0903","Habi","Arriendo","Casa","42","3","3","No","No","21","Santa Fe","Sagrado Corazón","2","4.586618","-74.093493","290","1.98","34000","108","63000","8000","105000","114900000","630000","630000"
"SHV-0904","Metrocuadrado","Arriendo","Casa","32","2","1","No","No","35","San Cristóbal","La Gloria","1","4.535819","-74.098596","210","4.6","24000","91","57000","0","81000","49500000","210000","210000"
"SHV-0905","FincaRaíz","Venta","Apartamento","29","1","1","No","No","12","Usme","Comuneros","1","4.477671","-74.125321","140","6.89","34000","82","37000","19000","90000","57300000","240000","57300000"
"SHV-0906","Metrocuadrado","Venta","Apartamento","67","4","3","Sí","No","60","Tunjuelito","Venecia","3","4.591964","-74.147967","190","5.25","60000","177","99000","226000","385000","231800000","1070000","231800000"
"SHV-0907","Metrocuadrado","Venta","Apartamento","44","3","3","No","No","16","Bosa","Apogeo","1","4.613127","-74.219242","160","6.24","37000","112","34000","54000","125000","75400000","300000","75400000"
"SHV-0908","Metrocuadrado","Venta","Apartamento","88","2","1","Sí","No","7","Kennedy","Américas","3","4.633895","-74.182978","230","3.95","83000","194","99000","226000","408000","264700000","1290000","264700000"
"SHV-0909","FincaRaíz","Venta","Apartamento","59","2","2","Sí","Sí","22","Fontibón","Modelia","3","4.652126","-74.132525","200","4.93","69000","157","71000","195000","335000","170800000","920000","170800000"
"SHV-0910","Habi","Arriendo","Apartamento","49","3","3","No","Sí","17","Engativá","Garcés Navas","3","4.725482","-74.140736","175","5.75","53000","120","91000","110000","254000","171300000","960000","960000"
"SHV-0911","UAECD-OTC","Venta","Apartamento","105","2","2","Sí","Sí","14","Suba","Casa Blanca Suba","4","4.736226","-74.086461","195","5.09","102000","200","154000","486000","742000","549900000","2860000","549900000"
"SHV-0912","UAECD-OTC","Venta","Apartamento","78","2","2","No","No","35","Barrios Unidos","Alcázares","3","4.67101","-74.057641","265","2.8","86000","170","128000","199000","413000","228600000","1300000","228600000"
"SHV-0913","Properati","Arriendo","Apartamento","82","2","1","Sí","No","26","Teusaquillo","Teusaquillo","4","4.62351","-74.114461","300","1.65","67000","171","106000","435000","608000","546400000","2630000","2630000"
"SHV-0914","Metrocuadrado","Venta","Apartamento","66","2","1","No","No","60","Los Mártires","La Sabana","2","4.591339","-74.098341","280","2.31","40000","168","89000","36000","165000","134300000","770000","134300000"
"SHV-0915","Properati","Venta","Apartamento","62","2","2","No","No","59","Antonio Nariño","Restrepo","3","4.565192","-74.120479","220","4.27","66000","119","81000","129000","276000","190500000","950000","190500000"
"SHV-0916","Habi","Arriendo","Apartamento","105","2","1","Sí","No","42","Puente Aranda","Puente Aranda","4","4.603023","-74.124972","245","3.45","106000","235","126000","559000","791000","681100000","3030000","3030000"
"SHV-0917","UAECD-OTC","Arriendo","Casa","73","1","1","Sí","No","20","La Candelaria","La Candelaria","3","4.584591","-74.067085","310","1.33","69000","137","72000","64000","205000","301400000","1770000","1770000"
"SHV-0918","Habi","Venta","Apartamento","42","3","2","No","Sí","37","Rafael Uribe Uribe","Quiroga","2","4.556852","-74.106584","200","4.93","43000","121","78000","45000","166000","91700000","420000","91700000"
"SHV-0919","FincaRaíz","Venta","Apartamento","70","2","1","No","No","17","Ciudad Bolívar","El Mochuelo","2","4.535442","-74.152508","170","5.91","61000","113","71000","100000","232000","142800000","580000","142800000"
"SHV-0920","FincaRaíz","Venta","Casa","67","3","3","No","No","31","Sumapaz","Sumapaz","2","4.280486","-74.38484","45","10","36000","112","57000","0","93000","161700000","730000","161700000"
"SHV-0921","UAECD-OTC","Venta","Casa","88","3","2","Sí","No","34","Usaquén","Santa Bárbara","4","4.688924","-74.051157","180","5.58","72000","221","113000","0","185000","600800000","2840000","600800000"
"SHV-0922","UAECD-OTC","Venta","Apartamento","76","3","2","No","Sí","37","Chapinero","Chico Lago","4","4.647801","-74.074146","320","1","90000","180","135000","369000","594000","391200000","1840000","391200000"
"SHV-0923","FincaRaíz","Arriendo","Apartamento","55","3","3","No","No","60","Santa Fe","La Macarena","3","4.597355","-74.085552","290","1.98","47000","144","61000","122000","230000","222900000","1130000","1130000"
"SHV-0924","Properati","Arriendo","Apartamento","62","2","2","No","No","53","San Cristóbal","Los Libertadores","1","4.543882","-74.09325","210","4.6","32000","145","73000","74000","179000","98100000","570000","570000"
"SHV-0925","FincaRaíz","Arriendo","Apartamento","41","1","1","No","No","18","Usme","Gran Yomasa","1","4.495681","-74.145047","140","6.89","41000","91","59000","59000","159000","66700000","310000","310000"
"SHV-0926","Metrocuadrado","Venta","Casa","73","3","2","No","No","60","Tunjuelito","Venecia","3","4.586319","-74.15413","190","5.25","37000","150","64000","96000","197000","303400000","1530000","303400000"
"SHV-0927","FincaRaíz","Arriendo","Casa","41","2","2","No","No","12","Bosa","El Porvenir","1","4.609777","-74.185372","160","6.24","28000","92","54000","0","82000","73700000","340000","340000"
"SHV-0928","FincaRaíz","Venta","Apartamento","64","1","1","No","No","33","Kennedy","Américas","2","4.60999","-74.14421","230","3.95","47000","149","55000","53000","155000","168800000","950000","168800000"
"SHV-0929","Habi","Arriendo","Apartamento","72","2","2","No","No","34","Fontibón","Fontibón","3","4.671386","-74.130488","200","4.93","48000","197","110000","228000","386000","251100000","1080000","1080000"
"SHV-0930","Properati","Arriendo","Apartamento","80","1","1","Sí","Sí","40","Engativá","Engativá","4","4.677655","-74.140424","175","5.75","83000","187","168000","339000","590000","474800000","2000000","2000000"
"SHV-0931","FincaRaíz","Arriendo","Apartamento","40","3","3","No","No","26","Suba","Suba","2","4.755182","-74.089048","195","5.09","23000","105","61000","27000","111000","100400000","500000","500000"
"SHV-0932","Metrocuadrado","Arriendo","Apartamento","48","2","2","Sí","No","21","Barrios Unidos","Alcázares","3","4.682638","-74.075983","265","2.8","60000","131","102000","134000","296000","212200000","1130000","1130000"
"SHV-0933","Habi","Venta","Apartamento","157","3","2","Sí","Sí","42","Teusaquillo","Nicolás de Federmán","5","4.614313","-74.090039","300","1.65","239000","287","302000","1028000","1569000","1555700000","8700000","1555700000"
"SHV-0934","UAECD-OTC","Venta","Apartamento","64","2","2","No","Sí","45","Los Mártires","Ricaurte","2","4.599478","-74.11355","280","2.31","35000","158","75000","80000","190000","168100000","870000","168100000"
"SHV-0935","UAECD-OTC","Arriendo","Casa","50","4","4","Sí","Sí","27","Antonio Nariño","Restrepo","3","4.594326","-74.12515","220","4.27","59000","110","105000","0","164000","185700000","1030000","1030000"
"SHV-0936","Properati","Arriendo","Apartamento","56","4","3","No","Sí","46","Puente Aranda","Puente Aranda","3","4.626279","-74.123067","245","3.45","46000","113","99000","112000","257000","185500000","890000","890000"
"SHV-0937","FincaRaíz","Venta","Apartamento","58","2","2","No","No","26","La Candelaria","La Candelaria","3","4.578743","-74.096723","310","1.33","60000","161","66000","160000","286000","187700000","760000","187700000"
"SHV-0938","Habi","Arriendo","Apartamento","68","3","3","No","Sí","38","Rafael Uribe Uribe","Quiroga","3","4.568261","-74.106584","200","4.93","45000","135","121000","167000","333000","262900000","1110000","1110000"
"SHV-0939","Habi","Venta","Casa","53","2","2","No","No","12","Ciudad Bolívar","Arborizadora","2","4.513329","-74.146567","170","5.91","51000","108","52000","46000","149000","110600000","450000","110600000"
"SHV-0940","Metrocuadrado","Arriendo","Apartamento","50","1","1","No","No","14","Sumapaz","Sumapaz","1","4.282539","-74.371581","45","10","26000","120","62000","53000","141000","81000000","380000","380000"
"SHV-0941","Metrocuadrado","Arriendo","Apartamento","137","4","3","Sí","Sí","23","Usaquén","Country Club","5","4.727656","-74.041431","180","5.58","117000","262","228000","1003000","1348000","1053000000","5260000","5260000"
"SHV-0942","FincaRaíz","Venta","Apartamento","82","3","3","Sí","Sí","31","Chapinero","El Refugio","3","4.650311","-74.051937","320","1","53000","150","89000","186000","328000","263900000","1240000","263900000"
"SHV-0943","Metrocuadrado","Venta","Apartamento","81","2","1","No","No","34","Santa Fe","Sagrado Corazón","2","4.618741","-74.066832","290","1.98","64000","122","103000","36000","203000","216900000","1110000","216900000"
"SHV-0944","Properati","Arriendo","Apartamento","45","2","1","No","No","46","San Cristóbal","Los Libertadores","1","4.544435","-74.106672","210","4.6","29000","130","40000","51000","120000","84500000","420000","420000"
"SHV-0945","Metrocuadrado","Arriendo","Apartamento","30","3","3","No","No","6","Usme","Alfonso López","2","4.490463","-74.111848","140","6.89","39000","91","66000","43000","148000","63300000","340000","340000"
"SHV-0946","UAECD-OTC","Arriendo","Apartamento","91","3","3","No","No","25","Tunjuelito","Tunjuelito","3","4.568961","-74.150708","190","5.25","92000","177","95000","266000","453000","344100000","1840000","1840000"
"SHV-0947","Habi","Venta","Apartamento","43","2","2","No","No","14","Bosa","Apogeo","1","4.607007","-74.210249","160","6.24","23000","96","54000","60000","137000","81600000","380000","81600000"
"SHV-0948","Metrocuadrado","Venta","Casa","66","2","2","Sí","No","49","Kennedy","Timiza","2","4.64778","-74.166567","230","3.95","33000","154","62000","28000","123000","148100000","690000","148100000"
"SHV-0949","Metrocuadrado","Venta","Casa","91","1","1","No","Sí","29","Fontibón","Granjas de Techo","3","4.669529","-74.128773","200","4.93","63000","164","120000","0","183000","417700000","2160000","417700000"
"SHV-0950","Habi","Venta","Apartamento","79","3","3","Sí","No","17","Engativá","Garcés Navas","4","4.697812","-74.135561","175","5.75","73000","156","159000","397000","629000","436200000","2270000","436200000"
"SHV-0951","Metrocuadrado","Arriendo","Apartamento","50","3","3","No","No","21","Suba","Tibabuyes","2","4.765257","-74.076988","195","5.09","42000","146","52000","60000","154000","130000000","600000","600000"
"SHV-0952","UAECD-OTC","Venta","Apartamento","70","2","2","No","No","28","Barrios Unidos","Alcázares","3","4.660412","-74.077777","265","2.8","48000","169","65000","202000","315000","209100000","970000","209100000"
"SHV-0953","UAECD-OTC","Arriendo","Apartamento","136","3","2","Sí","Sí","28","Teusaquillo","Teusaquillo","5","4.641636","-74.101207","300","1.65","195000","287","325000","971000","1491000","1073900000","5790000","5790000"
"SHV-0954","FincaRaíz","Arriendo","Apartamento","47","4","4","No","No","40","Los Mártires","Ricaurte","2","4.582064","-74.090978","280","2.31","37000","137","50000","68000","155000","131200000","690000","690000"
"SHV-0955","UAECD-OTC","Venta","Apartamento","85","1","1","Sí","No","53","Antonio Nariño","Restrepo","3","4.583196","-74.077969","220","4.27","65000","176","125000","218000","408000","258500000","1100000","258500000"
"SHV-0956","Habi","Arriendo","Apartamento","51","3","3","No","No","22","Puente Aranda","Ciudad Montes","3","4.625337","-74.119711","245","3.45","46000","113","106000","116000","268000","233400000","1140000","1140000"
"SHV-0957","Habi","Venta","Apartamento","50","1","1","No","No","46","La Candelaria","La Candelaria","3","4.62008","-74.054888","310","1.33","59000","153","93000","110000","262000","196500000","1140000","196500000"
"SHV-0958","FincaRaíz","Venta","Apartamento","59","2","2","No","No","51","Rafael Uribe Uribe","Quiroga","3","4.53564","-74.091539","200","4.93","75000","143","102000","139000","316000","188400000","770000","188400000"
"SHV-0959","Properati","Arriendo","Apartamento","58","2","2","No","No","13","Ciudad Bolívar","Tesoro","2","4.531073","-74.17397","170","5.91","61000","130","64000","61000","186000","141500000","810000","810000"
"SHV-0960","UAECD-OTC","Arriendo","Casa","45","1","1","No","No","20","Sumapaz","Sumapaz","1","4.251839","-74.341017","45","10","41000","102","31000","0","72000","83800000","360000","360000"
"SHV-0961","Metrocuadrado","Venta","Casa","84","3","3","Sí","No","16","Usaquén","La Uribe","4","4.710414","-74.051995","180","5.58","62000","211","99000","0","161000","583000000","2920000","583000000"
"SHV-0962","FincaRaíz","Venta","Apartamento","68","3","2","Sí","Sí","38","Chapinero","Pardo Rubio","5","4.655875","-74.074494","320","1","105000","249","145000","437000","687000","603700000","2930000","603700000"
"SHV-0963","UAECD-OTC","Venta","Casa","55","2","1","No","No","24","Santa Fe","Lourdes","2","4.576973","-74.063067","290","1.98","48000","145","83000","0","131000","118600000","480000","118600000"
"SHV-0964","Metrocuadrado","Arriendo","Apartamento","53","1","1","No","No","32","San Cristóbal","La Gloria","2","4.582515","-74.098078","210","4.6","57000","102","71000","47000","175000","130400000","760000","760000"
"SHV-0965","UAECD-OTC","Venta","Casa","70","1","1","Sí","No","10","Usme","Gran Yomasa","2","4.464246","-74.103194","140","6.89","34000","148","54000","0","88000","143900000","710000","143900000"
"SHV-0966","Habi","Venta","Apartamento","63","2","1","No","No","60","Tunjuelito","Venecia","3","4.548063","-74.151087","190","5.25","61000","160","82000","129000","272000","281100000","1660000","281100000"
"SHV-0967","Metrocuadrado","Arriendo","Casa","55","2","2","No","No","14","Bosa","Apogeo","1","4.616558","-74.209762","160","6.24","30000","146","41000","0","71000","94600000","430000","430000"
"SHV-0968","Properati","Venta","Casa","41","3","3","No","No","43","Kennedy","Carvajal","2","4.632953","-74.144091","230","3.95","35000","130","57000","0","92000","117500000","670000","117500000"
"SHV-0969","Metrocuadrado","Venta","Apartamento","95","2","2","No","Sí","35","Fontibón","Aeropuerto","4","4.687894","-74.129671","200","4.93","104000","251","125000","445000","674000","673000000","3930000","673000000"
"SHV-0970","Metrocuadrado","Venta","Apartamento","93","2","1","Sí","Sí","33","Engativá","Santa Cecilia","4","4.696139","-74.094645","175","5.75","109000","229","114000","384000","607000","526600000","2690000","526600000"
"SHV-0971","Habi","Venta","Apartamento","142","3","3","Sí","Sí","21","Suba","Tibabuyes","5","4.723181","-74.083054","195","5.09","119000","346","300000","1053000","1472000","1067200000","4700000","1067200000"
"SHV-0972","Habi","Venta","Apartamento","63","2","2","Sí","Sí","16","Barrios Unidos","Alcázares","4","4.649517","-74.102357","265","2.8","78000","146","149000","307000","534000","416500000","2240000","416500000"
"SHV-0973","UAECD-OTC","Venta","Apartamento","99","4","4","No","Sí","9","Teusaquillo","Nicolás de Federmán","4","4.644172","-74.092907","300","1.65","114000","221","125000","457000","696000","530300000","2700000","530300000"
"SHV-0974","Metrocuadrado","Venta","Apartamento","50","3","3","No","No","20","Los Mártires","Ricaurte","3","4.613419","-74.101093","280","2.31","54000","105","56000","123000","233000","220600000","1300000","220600000"
"SHV-0975","Properati","Arriendo","Apartamento","77","2","2","No","No","34","Antonio Nariño","Antonio Nariño","3","4.572847","-74.117048","220","4.27","56000","178","117000","258000","431000","295300000","1440000","1440000"
"SHV-0976","Metrocuadrado","Venta","Apartamento","96","4","3","Sí","Sí","53","Puente Aranda","Ciudad Montes","4","4.62161","-74.116776","245","3.45","110000","188","120000","501000","731000","563200000","2560000","563200000"
"SHV-0977","Metrocuadrado","Arriendo","Casa","57","1","1","No","No","44","La Candelaria","La Candelaria","3","4.59093","-74.090688","310","1.33","57000","131","90000","60000","207000","223600000","960000","960000"
"SHV-0978","UAECD-OTC","Venta","Apartamento","67","2","1","No","No","12","Rafael Uribe Uribe","Quiroga","2","4.538241","-74.11902","200","4.93","57000","134","54000","28000","139000","170600000","920000","170600000"
"SHV-0979","Properati","Arriendo","Apartamento","65","2","1","No","No","27","Ciudad Bolívar","El Mochuelo","2","4.535915","-74.154303","170","5.91","41000","166","69000","68000","178000","147300000","880000","880000"
"SHV-0980","FincaRaíz","Arriendo","Apartamento","39","2","1","No","No","19","Sumapaz","Sumapaz","1","4.24998","-74.355974","45","10","33000","86","62000","34000","129000","71400000","290000","290000"
"SHV-0981","Habi","Arriendo","Apartamento","171","4","4","Sí","Sí","15","Usaquén","Santa Bárbara","6","4.695166","-74.025603","180","5.58","274000","399","552000","1953000","2779000","2042100000","11190000","11190000"
"SHV-0982","Metrocuadrado","Venta","Apartamento","66","1","1","No","Sí","26","Chapinero","Chapinero","3","4.661799","-74.04935","320","1","50000","156","115000","169000","334000","221100000","1290000","221100000"
"SHV-0983","FincaRaíz","Venta","Apartamento","72","2","2","Sí","No","31","Santa Fe","Sagrado Corazón","3","4.584241","-74.093043","290","1.98","37000","148","70000","206000","313000","216200000","900000","216200000"
"SHV-0984","FincaRaíz","Venta","Casa","50","3","3","No","No","17","San Cristóbal","20 de Julio","1","4.564969","-74.097277","210","4.6","30000","92","62000","0","92000","91700000","390000","91700000"
"SHV-0985","FincaRaíz","Arriendo","Apartamento","54","2","2","No","No","16","Usme","Alfonso López","1","4.501519","-74.113377","140","6.89","46000","123","42000","79000","167000","97600000","530000","530000"
"SHV-0986","UAECD-OTC","Venta","Casa","43","3","2","No","No","26","Tunjuelito","Venecia","3","4.550139","-74.155158","190","5.25","60000","154","64000","0","124000","167900000","890000","167900000"
"SHV-0987","FincaRaíz","Arriendo","Apartamento","44","2","1","No","No","12","Bosa","Bosa Central","2","4.609933","-74.215621","160","6.24","42000","100","56000","60000","158000","91100000","380000","380000"
"SHV-0988","FincaRaíz","Venta","Apartamento","45","2","1","Sí","No","52","Kennedy","Castilla","2","4.6489","-74.142476","230","3.95","39000","96","67000","12000","118000","98400000","560000","98400000"
"SHV-0989","FincaRaíz","Venta","Apartamento","87","3","2","No","Sí","8","Fontibón","Fontibón","3","4.697923","-74.166444","200","4.93","63000","158","94000","282000","439000","293100000","1480000","293100000"
"SHV-0990","Properati","Arriendo","Apartamento","67","3","2","Sí","No","15","Engativá","Minuto de Dios","3","4.691163","-74.098444","175","5.75","58000","187","103000","158000","319000","260500000","1510000","1510000"
"SHV-0991","Metrocuadrado","Venta","Casa","72","3","3","No","Sí","23","Suba","Suba","4","4.723485","-74.115682","195","5.09","62000","141","134000","0","196000","387100000","2230000","387100000"
"SHV-0992","Properati","Arriendo","Apartamento","92","3","2","No","Sí","12","Barrios Unidos","Los Andes","3","4.683817","-74.099685","265","2.8","46000","219","128000","225000","399000","397300000","2230000","2230000"
"SHV-0993","Habi","Venta","Apartamento","103","3","3","Sí","Sí","44","Teusaquillo","Galerías","4","4.648877","-74.096841","300","1.65","103000","183","155000","547000","805000","592900000","2980000","592900000"
"SHV-0994","Properati","Venta","Apartamento","68","3","2","Sí","No","60","Los Mártires","La Sabana","3","4.599945","-74.072863","280","2.31","74000","153","120000","167000","361000","201700000","910000","201700000"
"SHV-0995","UAECD-OTC","Arriendo","Casa","58","3","3","No","No","60","Antonio Nariño","Restrepo","2","4.563777","-74.103142","220","4.27","61000","132","72000","55000","188000","164200000","820000","820000"
"SHV-0996","FincaRaíz","Venta","Apartamento","59","2","2","No","Sí","54","Puente Aranda","Ciudad Montes","3","4.615597","-74.12744","245","3.45","41000","135","74000","122000","237000","225400000","950000","225400000"
"SHV-0997","Properati","Arriendo","Apartamento","43","2","1","No","No","60","La Candelaria","La Candelaria","2","4.598797","-74.084597","310","1.33","27000","133","75000","42000","144000","100400000","530000","530000"
"SHV-0998","Properati","Arriendo","Apartamento","51","1","1","No","No","46","Rafael Uribe Uribe","Marco Fidel Suárez","2","4.576664","-74.10282","200","4.93","56000","113","44000","32000","132000","130800000","560000","560000"
"SHV-0999","Metrocuadrado","Arriendo","Casa","39","2","2","No","No","29","Ciudad Bolívar","El Mochuelo","1","4.528516","-74.141231","170","5.91","32000","79","32000","11000","75000","62100000","310000","310000"
"SHV-1000","Habi","Venta","Apartamento","52","3","2","No","No","26","Sumapaz","Sumapaz","1","4.247883","-74.387777","45","10","33000","99","72000","57000","162000","90200000","370000","90200000"
"SHV-1001","Metrocuadrado","Arriendo","Apartamento","69","4","4","Sí","Sí","14","Usaquén","La Uribe","6","4.695868","-74.04416","180","5.58","131000","262","324000","699000","1154000","1037600000","4770000","4770000"
"SHV-1002","Habi","Arriendo","Apartamento","107","4","4","Sí","Sí","50","Chapinero","Chico Lago","6","4.641344","-74.044409","320","1","202000","263","330000","1164000","1696000","1695400000","7570000","7570000"
"SHV-1003","Properati","Venta","Casa","44","2","2","No","No","21","Santa Fe","La Macarena","2","4.59114","-74.079102","290","1.98","35000","129","71000","0","106000","117000000","610000","117000000"
"SHV-1004","Metrocuadrado","Venta","Apartamento","34","3","2","No","No","55","San Cristóbal","Los Libertadores","1","4.570588","-74.102222","210","4.6","18000","99","29000","41000","88000","49500000","280000","49500000"
"SHV-1005","FincaRaíz","Venta","Casa","47","2","1","No","No","18","Usme","La Flora","1","4.474135","-74.146525","140","6.89","43000","119","40000","7000","90000","80600000","330000","80600000"
"SHV-1006","FincaRaíz","Venta","Apartamento","58","2","1","No","No","30","Tunjuelito","Venecia","2","4.570594","-74.140428","190","5.25","42000","112","47000","3000","92000","140400000","800000","140400000"
"SHV-1007","FincaRaíz","Venta","Apartamento","39","1","1","No","No","6","Bosa","Apogeo","1","4.609223","-74.184508","160","6.24","30000","101","34000","12000","76000","63600000","360000","63600000"
"SHV-1008","Metrocuadrado","Arriendo","Apartamento","57","3","3","No","No","48","Kennedy","Castilla","3","4.637079","-74.146018","230","3.95","50000","137","84000","141000","275000","185600000","870000","870000"
"SHV-1009","FincaRaíz","Arriendo","Apartamento","52","2","1","Sí","No","23","Fontibón","Modelia","3","4.655933","-74.159227","200","4.93","65000","169","55000","172000","292000","222500000","1180000","1180000"
"SHV-1010","UAECD-OTC","Arriendo","Apartamento","99","3","3","Sí","No","29","Engativá","Engativá","4","4.697123","-74.122909","175","5.75","81000","172","124000","437000","642000","641900000","3080000","3080000"
"SHV-1011","Metrocuadrado","Arriendo","Apartamento","52","3","2","No","No","27","Suba","Suba","2","4.72741","-74.109676","195","5.09","42000","137","57000","32000","131000","111000000","480000","480000"
"SHV-1012","Habi","Venta","Apartamento","64","2","1","Sí","No","47","Barrios Unidos","Los Andes","3","4.648235","-74.075193","265","2.8","55000","162","75000","216000","346000","216600000","1100000","216600000"
"SHV-1013","Properati","Venta","Apartamento","131","2","1","Sí","Sí","60","Teusaquillo","Nicolás de Federmán","5","4.634259","-74.111376","300","1.65","151000","226","201000","955000","1307000","1011800000","4220000","1011800000"
"SHV-1014","Metrocuadrado","Arriendo","Casa","69","2","2","No","No","60","Los Mártires","La Sabana","2","4.603466","-74.102192","280","2.31","38000","146","95000","40000","173000","192600000","1110000","1110000"
"SHV-1015","Properati","Arriendo","Apartamento","56","2","2","Sí","No","50","Antonio Nariño","Restrepo","2","4.590215","-74.102827","220","4.27","59000","111","77000","48000","184000","127400000","750000","750000"
"SHV-1016","Properati","Venta","Apartamento","73","3","3","Sí","No","39","Puente Aranda","Muzú","4","4.635051","-74.127251","245","3.45","76000","155","138000","309000","523000","526200000","2970000","526200000"
"SHV-1017","FincaRaíz","Arriendo","Casa","61","3","3","No","No","60","La Candelaria","La Candelaria","2","4.577025","-74.099727","310","1.33","60000","147","56000","11000","127000","158200000","810000","810000"
"SHV-1018","Metrocuadrado","Venta","Apartamento","44","2","2","Sí","No","46","Rafael Uribe Uribe","Marruecos","2","4.561257","-74.106769","200","4.93","53000","125","60000","30000","143000","113300000","580000","113300000"
"SHV-1019","Habi","Arriendo","Apartamento","42","2","2","No","No","16","Ciudad Bolívar","Arborizadora","1","4.506529","-74.156574","170","5.91","24000","99","29000","12000","65000","63000000","380000","380000"
"SHV-1020","UAECD-OTC","Arriendo","Casa","39","1","1","No","No","41","Sumapaz","Sumapaz","1","4.258465","-74.340126","45","10","38000","104","39000","19000","96000","59000000","270000","270000"
"SHV-1021","Metrocuadrado","Venta","Apartamento","201","4","3","Sí","Sí","27","Usaquén","Toberín","6","4.709944","-74.023599","180","5.58","307000","345","611000","2059000","2977000","2845500000","11810000","2845500000"
"SHV-1022","UAECD-OTC","Venta","Apartamento","195","3","3","Sí","No","37","Chapinero","El Refugio","6","4.652551","-74.075588","320","1","266000","512","390000","2109000","2765000","2157200000","11050000","2157200000"
"SHV-1023","FincaRaíz","Arriendo","Apartamento","62","3","3","Sí","No","60","Santa Fe","La Macarena","3","4.57935","-74.061873","290","1.98","75000","154","81000","134000","290000","242100000","1130000","1130000"
"SHV-1024","UAECD-OTC","Venta","Casa","43","2","2","No","No","60","San Cristóbal","20 de Julio","1","4.538754","-74.061456","210","4.6","19000","113","66000","0","85000","76200000","350000","76200000"
"SHV-1025","FincaRaíz","Arriendo","Casa","53","3","2","No","No","15","Usme","Comuneros","2","4.498872","-74.148825","140","6.89","59000","126","76000","0","135000","140200000","560000","560000"
"SHV-1026","UAECD-OTC","Venta","Casa","50","3","2","No","No","28","Tunjuelito","Tunjuelito","2","4.564565","-74.117991","190","5.25","46000","107","83000","0","129000","139500000","720000","139500000"
"SHV-1027","UAECD-OTC","Arriendo","Apartamento","61","3","2","No","No","17","Bosa","El Porvenir","1","4.618715","-74.200336","160","6.24","30000","143","50000","8000","88000","98500000","450000","450000"
"SHV-1028","UAECD-OTC","Venta","Casa","35","3","2","No","No","36","Kennedy","Carvajal","3","4.630995","-74.166826","230","3.95","33000","92","72000","28000","133000","130900000","570000","130900000"
"SHV-1029","FincaRaíz","Venta","Apartamento","100","3","2","Sí","Sí","6","Fontibón","Aeropuerto","4","4.685669","-74.160067","200","4.93","72000","239","114000","446000","632000","536900000","2190000","536900000"
"SHV-1030","UAECD-OTC","Arriendo","Casa","93","3","2","Sí","No","8","Engativá","Santa Cecilia","4","4.693702","-74.102048","175","5.75","111000","184","103000","113000","327000","591600000","2800000","2800000"
"SHV-1031","FincaRaíz","Venta","Apartamento","164","3","2","Sí","Sí","14","Suba","Suba","5","4.74334","-74.079982","195","5.09","186000","295","327000","1114000","1627000","1235500000","7110000","1235500000"
"SHV-1032","Habi","Venta","Apartamento","99","3","3","Sí","Sí","17","Barrios Unidos","12 de Octubre","4","4.669131","-74.099747","265","2.8","101000","234","112000","438000","651000","637600000","2980000","637600000"
"SHV-1033","Habi","Venta","Apartamento","83","2","2","Sí","Sí","38","Teusaquillo","Nicolás de Federmán","5","4.620567","-74.070624","300","1.65","100000","223","201000","499000","800000","709800000","3800000","709800000"
"SHV-1034","Metrocuadrado","Venta","Casa","41","3","2","No","No","57","Los Mártires","La Sabana","2","4.616737","-74.110602","280","2.31","35000","93","63000","40000","138000","86900000","480000","86900000"
"SHV-1035","Properati","Arriendo","Casa","53","1","1","No","No","55","Antonio Nariño","Restrepo","2","4.600321","-74.112079","220","4.27","54000","150","45000","0","99000","126900000","590000","590000"
"SHV-1036","Metrocuadrado","Arriendo","Apartamento","128","3","3","Sí","No","33","Puente Aranda","Ciudad Montes","4","4.598267","-74.110211","245","3.45","87000","287","154000","639000","880000","925700000","5220000","5220000"
"SHV-1037","FincaRaíz","Arriendo","Apartamento","69","2","1","No","No","47","La Candelaria","La Candelaria","3","4.593143","-74.079315","310","1.33","69000","185","91000","177000","337000","244700000","1320000","1320000"
"SHV-1038","FincaRaíz","Arriendo","Casa","59","2","2","Sí","No","47","Rafael Uribe Uribe","Quiroga","3","4.562927","-74.110983","200","4.93","75000","120","78000","36000","189000","235900000","1210000","1210000"
"SHV-1039","Properati","Arriendo","Apartamento","53","3","3","No","No","20","Ciudad Bolívar","Arborizadora","1","4.546241","-74.146948","170","5.91","35000","133","54000","57000","146000","104300000","420000","420000"
"SHV-1040","UAECD-OTC","Venta","Apartamento","52","2","1","No","No","24","Sumapaz","Sumapaz","1","4.261719","-74.369461","45","10","29000","125","63000","20000","112000","94500000","380000","94500000"
"SHV-1041","Properati","Arriendo","Casa","130","4","3","Sí","Sí","20","Usaquén","Santa Bárbara","5","4.692936","-74.007436","180","5.58","149000","302","302000","454000","905000","1259900000","7540000","7540000"
"SHV-1042","FincaRaíz","Arriendo","Apartamento","106","3","2","Sí","No","24","Chapinero","Pardo Rubio","5","4.624718","-74.048475","320","1","159000","218","171000","637000","967000","798300000","4440000","4440000"
"SHV-1043","UAECD-OTC","Venta","Apartamento","57","2","1","No","No","31","Santa Fe","La Macarena","2","4.597258","-74.090874","290","1.98","26000","139","69000","46000","141000","130900000","770000","130900000"
"SHV-1044","Properati","Arriendo","Casa","51","3","3","No","No","53","San Cristóbal","Los Libertadores","2","4.580268","-74.107542","210","4.6","52000","139","50000","6000","108000","122700000","710000","710000"
"SHV-1045","Properati","Arriendo","Apartamento","58","1","1","No","No","16","Usme","La Flora","2","4.460717","-74.1372","140","6.89","44000","142","48000","47000","139000","123400000","500000","500000"
"SHV-1046","Habi","Venta","Apartamento","54","2","1","No","No","58","Tunjuelito","Tunjuelito","2","4.580025","-74.113029","190","5.25","48000","144","71000","50000","169000","112600000","630000","112600000"
"SHV-1047","Properati","Venta","Apartamento","68","3","3","No","No","18","Bosa","Apogeo","2","4.641549","-74.21034","160","6.24","42000","121","89000","7000","138000","154100000","760000","154100000"
"SHV-1048","Habi","Venta","Apartamento","74","3","2","No","No","27","Kennedy","Carvajal","3","4.622504","-74.153178","230","3.95","64000","132","104000","210000","378000","310000000","1730000","310000000"
"SHV-1049","FincaRaíz","Venta","Apartamento","66","2","1","Sí","No","27","Fontibón","Fontibón","3","4.683587","-74.138264","200","4.93","67000","140","111000","134000","312000","262300000","1050000","262300000"
"SHV-1050","FincaRaíz","Venta","Casa","81","2","1","No","No","52","Engativá","Engativá","3","4.682997","-74.131323","175","5.75","59000","171","83000","134000","276000","350000000","1600000","350000000"
"SHV-1051","Properati","Venta","Casa","70","2","1","No","No","21","Suba","Niza","3","4.748253","-74.082074","195","5.09","71000","190","84000","0","155000","306500000","1690000","306500000"
"SHV-1052","FincaRaíz","Venta","Casa","66","4","4","Sí","No","40","Barrios Unidos","Los Andes","3","4.654746","-74.070262","265","2.8","76000","177","103000","0","179000","239600000","1340000","239600000"
"SHV-1053","Habi","Venta","Apartamento","115","2","2","Sí","Sí","19","Teusaquillo","Galerías","5","4.614788","-74.073958","300","1.65","159000","251","258000","707000","1124000","1050300000","5500000","1050300000"
"SHV-1054","Habi","Venta","Apartamento","49","3","2","No","No","56","Los Mártires","Ricaurte","3","4.594083","-74.094625","280","2.31","58000","116","93000","147000","298000","184400000","850000","184400000"
"SHV-1055","Metrocuadrado","Venta","Apartamento","37","3","2","No","No","45","Antonio Nariño","Antonio Nariño","2","4.562354","-74.103175","220","4.27","31000","104","38000","10000","79000","81700000","380000","81700000"
"SHV-1056","Properati","Arriendo","Apartamento","89","4","4","Sí","Sí","44","Puente Aranda","Puente Aranda","4","4.619062","-74.100846","245","3.45","78000","206","177000","375000","630000","559200000","3320000","3320000"
"SHV-1057","FincaRaíz","Venta","Casa","76","3","3","No","Sí","27","La Candelaria","La Candelaria","3","4.58439","-74.054772","310","1.33","83000","158","118000","0","201000","230000000","1120000","230000000"
"SHV-1058","Metrocuadrado","Venta","Apartamento","66","3","3","Sí","Sí","53","Rafael Uribe Uribe","Marco Fidel Suárez","2","4.557854","-74.107266","200","4.93","29000","150","88000","10000","127000","151600000","740000","151600000"
"SHV-1059","FincaRaíz","Arriendo","Apartamento","67","2","1","No","No","15","Ciudad Bolívar","Tesoro","2","4.525699","-74.180269","170","5.91","44000","117","85000","77000","206000","167100000","850000","850000"
"SHV-1060","Properati","Venta","Casa","66","1","1","No","No","35","Sumapaz","Sumapaz","2","4.278494","-74.357942","45","10","43000","119","86000","0","129000","162200000","780000","162200000"
"SHV-1061","Properati","Venta","Casa","212","4","4","Sí","Sí","19","Usaquén","Usaquén","6","4.719603","-74.016495","180","5.58","279000","395","614000","0","893000","2312100000","11800000","2312100000"
"SHV-1062","Metrocuadrado","Arriendo","Apartamento","143","4","3","Sí","Sí","39","Chapinero","Chico Lago","6","4.64057","-74.042853","320","1","200000","365","431000","1605000","2236000","1957400000","9520000","9520000"
"SHV-1063","Habi","Venta","Apartamento","45","2","1","No","No","50","Santa Fe","Las Cruces","2","4.625339","-74.102921","290","1.98","30000","122","51000","13000","94000","105200000","590000","105200000"
"SHV-1064","UAECD-OTC","Venta","Apartamento","28","2","2","No","No","32","San Cristóbal","San Blas","1","4.560715","-74.079627","210","4.6","24000","101","40000","37000","101000","47500000","280000","47500000"
"SHV-1065","Habi","Venta","Apartamento","49","2","2","No","No","13","Usme","Gran Yomasa","2","4.472204","-74.13445","140","6.89","32000","139","59000","16000","107000","120300000","710000","120300000"
"SHV-1066","Metrocuadrado","Venta","Casa","91","3","2","No","No","60","Tunjuelito","Tunjuelito","3","4.561007","-74.146864","190","5.25","73000","207","86000","0","159000","384300000","1970000","384300000"
"SHV-1067","FincaRaíz","Arriendo","Apartamento","52","2","2","No","No","10","Bosa","El Porvenir","2","4.617846","-74.188697","160","6.24","44000","133","49000","25000","118000","114400000","560000","560000"
"SHV-1068","FincaRaíz","Arriendo","Casa","61","3","2","Sí","No","40","Kennedy","Castilla","3","4.609851","-74.180954","230","3.95","59000","152","89000","0","148000","224400000","1210000","1210000"
"SHV-1069","Metrocuadrado","Arriendo","Apartamento","67","2","2","Sí","No","18","Fontibón","Granjas de Techo","3","4.684051","-74.154358","200","4.93","49000","134","116000","193000","358000","234200000","1330000","1330000"
"SHV-1070","UAECD-OTC","Venta","Casa","65","1","1","Sí","Sí","21","Engativá","Santa Cecilia","3","4.686978","-74.105794","175","5.75","67000","148","84000","44000","195000","212300000","1090000","212300000"
"SHV-1071","Habi","Venta","Apartamento","37","3","3","Sí","Sí","15","Suba","Niza","4","4.716253","-74.111552","195","5.09","61000","149","108000","154000","323000","203800000","1100000","203800000"
"SHV-1072","Metrocuadrado","Arriendo","Casa","65","3","3","Sí","No","54","Barrios Unidos","12 de Octubre","3","4.645296","-74.066685","265","2.8","75000","164","86000","0","161000","274400000","1510000","1510000"
"SHV-1073","Properati","Venta","Apartamento","116","2","1","Sí","No","23","Teusaquillo","Nicolás de Federmán","4","4.622296","-74.115956","300","1.65","111000","253","182000","487000","780000","760600000","4070000","760600000"
"SHV-1074","Properati","Venta","Apartamento","72","3","3","No","Sí","38","Los Mártires","La Sabana","3","4.624863","-74.0873","280","2.31","67000","198","125000","189000","381000","258100000","1420000","258100000"
"SHV-1075","Metrocuadrado","Venta","Apartamento","58","3","3","No","No","47","Antonio Nariño","Antonio Nariño","3","4.584759","-74.112049","220","4.27","43000","157","63000","152000","258000","228100000","1010000","228100000"
"SHV-1076","Habi","Arriendo","Apartamento","69","2","2","Sí","No","44","Puente Aranda","Puente Aranda","3","4.611615","-74.128314","245","3.45","61000","125","105000","172000","338000","220800000","1100000","1100000"
"SHV-1077","UAECD-OTC","Venta","Apartamento","43","2","1","Sí","No","51","La Candelaria","La Candelaria","2","4.614568","-74.092431","310","1.33","32000","90","49000","38000","119000","109500000","570000","109500000"
"SHV-1078","Habi","Venta","Apartamento","52","4","3","No","No","39","Rafael Uribe Uribe","Quiroga","2","4.547182","-74.124156","200","4.93","53000","149","57000","49000","159000","114800000","460000","114800000"
"SHV-1079","Habi","Venta","Apartamento","39","2","2","No","No","26","Ciudad Bolívar","Tesoro","1","4.522005","-74.155006","170","5.91","23000","116","55000","18000","96000","67600000","390000","67600000"
"SHV-1080","Properati","Venta","Apartamento","37","2","1","No","No","29","Sumapaz","Sumapaz","1","4.290474","-74.385014","45","10","19000","82","50000","11000","80000","57200000","300000","57200000"
"SHV-1081","UAECD-OTC","Venta","Apartamento","86","2","1","Sí","Sí","11","Usaquén","Santa Bárbara","4","4.68641","-74.05481","180","5.58","104000","160","123000","354000","581000","505000000","2150000","505000000"
"SHV-1082","UAECD-OTC","Venta","Apartamento","139","2","1","Sí","Sí","29","Chapinero","Chico Lago","5","4.624529","-74.045003","320","1","193000","356","212000","954000","1359000","1307900000","7370000","1307900000"
"SHV-1083","Habi","Venta","Apartamento","77","4","3","Sí","No","48","Santa Fe","Sagrado Corazón","3","4.607686","-74.072118","290","1.98","75000","184","121000","266000","462000","328500000","1790000","328500000"
"SHV-1084","Habi","Arriendo","Apartamento","43","2","2","No","No","60","San Cristóbal","Los Libertadores","1","4.567321","-74.066538","210","4.6","18000","128","52000","5000","75000","83500000","460000","460000"
"SHV-1085","FincaRaíz","Venta","Casa","30","2","2","No","No","15","Usme","Gran Yomasa","1","4.497914","-74.13158","140","6.89","18000","104","45000","18000","81000","52200000","250000","52200000"
"SHV-1086","Metrocuadrado","Venta","Apartamento","86","2","1","Sí","Sí","25","Tunjuelito","Venecia","3","4.579998","-74.149818","190","5.25","89000","158","79000","195000","363000","289200000","1650000","289200000"
"SHV-1087","FincaRaíz","Venta","Apartamento","51","2","1","No","Sí","11","Bosa","El Porvenir","2","4.642145","-74.178558","160","6.24","28000","104","57000","53000","138000","100800000","490000","100800000"
"SHV-1088","FincaRaíz","Arriendo","Apartamento","56","3","3","Sí","No","19","Kennedy","Américas","2","4.643414","-74.172662","230","3.95","46000","114","53000","76000","175000","130500000","670000","670000"
"SHV-1089","FincaRaíz","Venta","Apartamento","68","2","1","Sí","Sí","28","Fontibón","Granjas de Techo","3","4.691422","-74.169356","200","4.93","43000","184","105000","151000","299000","228100000","910000","228100000"
"SHV-1090","UAECD-OTC","Venta","Casa","69","1","1","No","No","40","Engativá","Garcés Navas","3","4.691386","-74.098199","175","5.75","42000","151","91000","58000","191000","278300000","1470000","278300000"
"SHV-1091","UAECD-OTC","Venta","Casa","143","3","2","Sí","Sí","15","Suba","Tibabuyes","5","4.728664","-74.115303","195","5.09","210000","301","310000","313000","833000","1161800000","6320000","1161800000"
"SHV-1092","FincaRaíz","Arriendo","Apartamento","40","3","2","Sí","Sí","51","Barrios Unidos","12 de Octubre","4","4.68486","-74.062965","265","2.8","57000","145","118000","212000","387000","288800000","1480000","1480000"
"SHV-1093","UAECD-OTC","Arriendo","Apartamento","81","3","2","No","No","41","Teusaquillo","Teusaquillo","4","4.620073","-74.101498","300","1.65","79000","190","168000","439000","686000","490000000","2450000","2450000"
"SHV-1094","Metrocuadrado","Venta","Apartamento","69","2","2","Sí","No","60","Los Mártires","La Sabana","2","4.590452","-74.080979","280","2.31","34000","172","60000","31000","125000","165200000","930000","165200000"
"SHV-1095","UAECD-OTC","Venta","Apartamento","55","2","2","No","No","45","Antonio Nariño","Antonio Nariño","3","4.576687","-74.08736","220","4.27","49000","123","102000","164000","315000","246800000","1320000","246800000"
"SHV-1096","FincaRaíz","Venta","Apartamento","63","3","3","Sí","No","34","Puente Aranda","Ciudad Montes","3","4.597517","-74.086379","245","3.45","40000","150","113000","220000","373000","211900000","970000","211900000"
"SHV-1097","FincaRaíz","Venta","Apartamento","71","3","3","No","No","58","La Candelaria","La Candelaria","3","4.619072","-74.08445","310","1.33","83000","144","117000","167000","367000","247400000","1460000","247400000"
"SHV-1098","Habi","Arriendo","Casa","65","4","4","No","No","45","Rafael Uribe Uribe","Quiroga","2","4.579276","-74.130042","200","4.93","47000","155","93000","0","140000","139000000","750000","750000"
"SHV-1099","Metrocuadrado","Arriendo","Apartamento","45","2","2","No","No","16","Ciudad Bolívar","Arborizadora","1","4.537656","-74.149214","170","5.91","43000","99","61000","30000","134000","85400000","510000","510000"
"SHV-1100","UAECD-OTC","Venta","Apartamento","53","1","1","No","No","26","Sumapaz","Sumapaz","1","4.281893","-74.387929","45","10","36000","92","62000","60000","158000","81300000","480000","81300000"
"SHV-1101","Metrocuadrado","Arriendo","Apartamento","98","3","3","No","No","16","Usaquén","Toberín","4","4.700846","-74.038207","180","5.58","94000","240","134000","399000","627000","665800000","3890000","3890000"
"SHV-1102","Metrocuadrado","Arriendo","Apartamento","220","4","4","Sí","Sí","32","Chapinero","Chapinero","6","4.642906","-74.057594","320","1","274000","380","512000","2317000","3103000","2600100000","14330000","14330000"
"SHV-1103","Metrocuadrado","Arriendo","Apartamento","68","2","1","Sí","Sí","34","Santa Fe","Sagrado Corazón","3","4.58411","-74.074626","290","1.98","55000","140","65000","228000","348000","283100000","1480000","1480000"
"SHV-1104","Properati","Arriendo","Casa","53","2","1","Sí","No","54","San Cristóbal","Los Libertadores","2","4.569021","-74.061507","210","4.6","44000","149","79000","0","123000","129600000","560000","560000"
"SHV-1105","Metrocuadrado","Venta","Apartamento","58","2","2","No","No","19","Usme","Comuneros","2","4.488243","-74.122767","140","6.89","49000","148","62000","27000","138000","135700000","690000","135700000"
"SHV-1106","UAECD-OTC","Arriendo","Apartamento","53","3","2","Sí","Sí","22","Tunjuelito","Tunjuelito","3","4.554786","-74.122708","190","5.25","53000","145","95000","128000","276000","226200000","1250000","1250000"
"SHV-1107","Habi","Venta","Apartamento","60","2","2","No","No","15","Bosa","Apogeo","2","4.631995","-74.177485","160","6.24","42000","142","92000","82000","216000","155300000","780000","155300000"
"SHV-1108","UAECD-OTC","Venta","Apartamento","55","2","2","No","Sí","24","Kennedy","Carvajal","3","4.645448","-74.154664","230","3.95","42000","160","106000","163000","311000","190900000","1100000","190900000"
"SHV-1109","Habi","Venta","Apartamento","85","3","2","No","No","36","Fontibón","Modelia","4","4.651399","-74.123993","200","4.93","77000","222","175000","437000","689000","436700000","1840000","436700000"
"SHV-1110","Habi","Venta","Apartamento","98","4","3","Sí","No","17","Engativá","Garcés Navas","4","4.694025","-74.129004","175","5.75","89000","241","158000","500000","747000","601400000","2860000","601400000"
"SHV-1111","Habi","Venta","Casa","88","1","1","No","No","18","Suba","Andes","3","4.724854","-74.101722","195","5.09","64000","208","113000","107000","284000","333300000","1670000","333300000"
"SHV-1112","Habi","Venta","Apartamento","101","4","4","Sí","No","29","Barrios Unidos","Alcázares","4","4.661064","-74.090896","265","2.8","69000","231","169000","555000","793000","682400000","3320000","682400000"
"SHV-1113","Metrocuadrado","Arriendo","Casa","121","2","2","Sí","No","50","Teusaquillo","Nicolás de Federmán","4","4.619127","-74.079318","300","1.65","79000","235","139000","130000","348000","764400000","3220000","3220000"
"SHV-1114","FincaRaíz","Venta","Apartamento","77","3","3","Sí","No","58","Los Mártires","Ricaurte","3","4.592001","-74.077484","280","2.31","86000","161","105000","211000","402000","331600000","1430000","331600000"
"SHV-1115","Habi","Venta","Casa","30","2","1","No","No","58","Antonio Nariño","Antonio Nariño","2","4.55897","-74.089506","220","4.27","32000","87","42000","0","74000","74500000","420000","74500000"
"SHV-1116","FincaRaíz","Arriendo","Apartamento","76","3","3","No","No","58","Puente Aranda","Ciudad Montes","4","4.627524","-74.102064","245","3.45","74000","211","139000","337000","550000","441300000","2190000","2190000"
"SHV-1117","Properati","Arriendo","Casa","39","2","2","No","No","60","La Candelaria","La Candelaria","2","4.59414","-74.093397","310","1.33","26000","99","53000","0","79000","101400000","420000","420000"
"SHV-1118","Properati","Arriendo","Apartamento","61","1","1","No","No","23","Rafael Uribe Uribe","Marco Fidel Suárez","2","4.578379","-74.114626","200","4.93","43000","160","86000","67000","196000","137500000","550000","550000"
"SHV-1119","UAECD-OTC","Venta","Casa","47","2","2","No","No","30","Ciudad Bolívar","Arborizadora","1","4.525271","-74.155789","170","5.91","31000","116","62000","9000","102000","84200000","420000","84200000"
"SHV-1120","UAECD-OTC","Venta","Apartamento","54","1","1","No","No","8","Sumapaz","Sumapaz","2","4.281459","-74.364095","45","10","38000","146","64000","74000","176000","143000000","620000","143000000"
"SHV-1121","FincaRaíz","Arriendo","Apartamento","161","4","4","Sí","Sí","27","Usaquén","Santa Bárbara","5","4.723477","-74.048582","180","5.58","166000","361","223000","1055000","1444000","1281100000","6930000","6930000"
"SHV-1122","Metrocuadrado","Venta","Casa","130","2","1","Sí","Sí","37","Chapinero","Pardo Rubio","5","4.63046","-74.066839","320","1","151000","288","193000","0","344000","1266100000","7080000","1266100000"
"SHV-1123","Properati","Arriendo","Apartamento","48","1","1","No","No","46","Santa Fe","Las Cruces","2","4.595057","-74.098066","290","1.98","45000","112","52000","37000","134000","119100000","530000","530000"
"SHV-1124","UAECD-OTC","Arriendo","Casa","25","1","1","No","No","27","San Cristóbal","20 de Julio","2","4.572968","-74.084076","210","4.6","30000","90","46000","11000","87000","62000000","320000","320000"
"SHV-1125","UAECD-OTC","Arriendo","Casa","54","4","4","No","No","15","Usme","Gran Yomasa","1","4.491719","-74.138398","140","6.89","31000","115","39000","0","70000","96500000","420000","420000"
"SHV-1126","Properati","Venta","Casa","99","3","2","No","Sí","17","Tunjuelito","Tunjuelito","3","4.56058","-74.159535","190","5.25","70000","154","77000","166000","313000","389600000","1790000","389600000"
"SHV-1127","Metrocuadrado","Venta","Apartamento","51","2","1","No","No","9","Bosa","Apogeo","2","4.636384","-74.223684","160","6.24","50000","112","65000","63000","178000","129000000","750000","129000000"
"SHV-1128","Metrocuadrado","Venta","Apartamento","56","1","1","No","Sí","19","Kennedy","Timiza","3","4.612462","-74.146591","230","3.95","33000","143","103000","157000","293000","240400000","1220000","240400000"
"SHV-1129","Properati","Arriendo","Apartamento","116","4","3","Sí","Sí","25","Fontibón","Fontibón","4","4.671406","-74.136981","200","4.93","120000","265","160000","543000","823000","877000000","5060000","5060000"
"SHV-1130","Metrocuadrado","Arriendo","Apartamento","80","1","1","Sí","Sí","31","Engativá","Minuto de Dios","4","4.716243","-74.13799","175","5.75","73000","187","166000","423000","662000","564700000","2510000","2510000"
"SHV-1131","Properati","Venta","Apartamento","66","3","2","No","No","28","Suba","Niza","3","4.719665","-74.105911","195","5.09","46000","152","63000","156000","265000","261800000","1220000","261800000"
"SHV-1132","Properati","Venta","Apartamento","60","2","2","No","No","41","Barrios Unidos","Los Andes","3","4.681894","-74.056746","265","2.8","76000","129","76000","195000","347000","193800000","960000","193800000"
"SHV-1133","UAECD-OTC","Venta","Apartamento","180","4","3","Sí","Sí","33","Teusaquillo","Galerías","5","4.655033","-74.073202","300","1.65","188000","335","354000","1191000","1733000","1823600000","9050000","1823600000"
"SHV-1134","Habi","Arriendo","Apartamento","69","2","2","No","No","60","Los Mártires","La Sabana","3","4.592659","-74.108763","280","2.31","82000","188","119000","238000","439000","294900000","1770000","1770000"
"SHV-1135","Properati","Venta","Apartamento","48","2","1","No","No","56","Antonio Nariño","Antonio Nariño","3","4.590548","-74.12594","220","4.27","38000","162","101000","129000","268000","203700000","860000","203700000"
"SHV-1136","Habi","Venta","Apartamento","70","2","2","No","No","52","Puente Aranda","Puente Aranda","3","4.639526","-74.114668","245","3.45","65000","128","124000","207000","396000","291600000","1660000","291600000"
"SHV-1137","Metrocuadrado","Venta","Apartamento","81","3","3","No","No","60","La Candelaria","La Candelaria","3","4.619144","-74.077931","310","1.33","43000","196","99000","258000","400000","252000000","1440000","252000000"
"SHV-1138","Properati","Venta","Apartamento","65","4","3","No","No","38","Rafael Uribe Uribe","Quiroga","2","4.540055","-74.112324","200","4.93","43000","128","79000","75000","197000","145400000","740000","145400000"
"SHV-1139","UAECD-OTC","Venta","Apartamento","52","2","1","No","No","27","Ciudad Bolívar","Lucero","2","4.524697","-74.164269","170","5.91","32000","143","62000","39000","133000","117800000","550000","117800000"
"SHV-1140","FincaRaíz","Arriendo","Apartamento","37","2","1","No","No","24","Sumapaz","Sumapaz","1","4.287689","-74.342763","45","10","33000","109","51000","15000","99000","72100000","360000","360000"
"SHV-1141","Metrocuadrado","Arriendo","Apartamento","114","3","3","No","No","26","Usaquén","Country Club","4","4.707666","-74.030975","180","5.58","82000","274","194000","581000","857000","667900000","3060000","3060000"
"SHV-1142","Habi","Venta","Apartamento","61","1","1","Sí","No","38","Chapinero","El Refugio","3","4.630454","-74.053436","320","1","59000","160","68000","144000","271000","199200000","1120000","199200000"
"SHV-1143","Habi","Arriendo","Apartamento","65","2","1","No","No","50","Santa Fe","Las Cruces","3","4.618957","-74.096717","290","1.98","41000","138","89000","214000","344000","280400000","1400000","1400000"
"SHV-1144","Metrocuadrado","Venta","Apartamento","48","2","1","No","No","47","San Cristóbal","Los Libertadores","1","4.572939","-74.097798","210","4.6","22000","113","60000","20000","102000","85800000","500000","85800000"
"SHV-1145","FincaRaíz","Venta","Apartamento","64","2","1","No","No","13","Usme","Gran Yomasa","2","4.500135","-74.122526","140","6.89","37000","108","69000","74000","180000","171100000","900000","171100000"
"SHV-1146","FincaRaíz","Venta","Apartamento","80","1","1","Sí","No","60","Tunjuelito","Tunjuelito","3","4.551525","-74.14163","190","5.25","80000","182","73000","194000","347000","244400000","1230000","244400000"
"SHV-1147","UAECD-OTC","Arriendo","Casa","59","3","3","Sí","No","7","Bosa","El Porvenir","2","4.620222","-74.189343","160","6.24","28000","128","59000","0","87000","163100000","880000","880000"
"SHV-1148","FincaRaíz","Venta","Casa","30","2","1","Sí","No","11","Kennedy","Carvajal","2","4.645306","-74.155309","230","3.95","33000","114","52000","0","85000","82700000","410000","82700000"
"SHV-1149","FincaRaíz","Arriendo","Casa","76","3","3","Sí","Sí","16","Fontibón","Fontibón","4","4.658168","-74.132247","200","4.93","89000","215","121000","0","210000","500000000","2900000","2900000"
"SHV-1150","Properati","Venta","Apartamento","73","2","2","Sí","Sí","21","Engativá","Garcés Navas","3","4.676812","-74.124491","175","5.75","82000","137","119000","231000","432000","326700000","1430000","326700000"
"SHV-1151","FincaRaíz","Venta","Apartamento","142","3","2","Sí","Sí","14","Suba","Niza","5","4.762641","-74.115465","195","5.09","176000","321","199000","1135000","1510000","1271900000","7560000","1271900000"
"SHV-1152","UAECD-OTC","Venta","Apartamento","79","1","1","No","No","38","Barrios Unidos","Alcázares","3","4.671086","-74.067521","265","2.8","47000","138","103000","171000","321000","284300000","1600000","284300000"
"SHV-1153","Metrocuadrado","Arriendo","Apartamento","110","2","1","Sí","No","60","Teusaquillo","Galerías","4","4.635711","-74.111848","300","1.65","119000","222","194000","480000","793000","679800000","3890000","3890000"
"SHV-1154","FincaRaíz","Venta","Apartamento","96","3","3","No","Sí","60","Los Mártires","Ricaurte","3","4.597056","-74.102977","280","2.31","68000","230","102000","234000","404000","395500000","1960000","395500000"
"SHV-1155","FincaRaíz","Venta","Apartamento","73","3","2","Sí","No","49","Antonio Nariño","Antonio Nariño","3","4.571974","-74.08239","220","4.27","42000","174","69000","204000","315000","333900000","1890000","333900000"
"SHV-1156","Properati","Venta","Apartamento","88","2","2","Sí","Sí","43","Puente Aranda","Ciudad Montes","4","4.633471","-74.132185","245","3.45","82000","159","169000","448000","699000","575200000","2650000","575200000"
"SHV-1157","Metrocuadrado","Arriendo","Apartamento","59","1","1","No","No","39","La Candelaria","La Candelaria","2","4.593721","-74.097526","310","1.33","56000","134","57000","77000","190000","143300000","790000","790000"
"SHV-1158","FincaRaíz","Arriendo","Apartamento","79","2","2","No","Sí","21","Rafael Uribe Uribe","Marco Fidel Suárez","3","4.540633","-74.125895","200","4.93","55000","152","93000","220000","368000","292700000","1250000","1250000"
"SHV-1159","Metrocuadrado","Venta","Apartamento","64","3","3","No","Sí","15","Ciudad Bolívar","Lucero","2","4.538255","-74.172966","170","5.91","56000","135","91000","31000","178000","159000000","730000","159000000"
"SHV-1160","Habi","Arriendo","Apartamento","54","1","1","Sí","No","21","Sumapaz","Sumapaz","2","4.271429","-74.360994","45","10","40000","116","78000","39000","157000","142600000","700000","700000"
"SHV-1161","FincaRaíz","Venta","Apartamento","108","3","3","Sí","No","14","Usaquén","Toberín","4","4.702842","-74.024804","180","5.58","66000","192","161000","570000","797000","592700000","2750000","592700000"
"SHV-1162","Habi","Venta","Apartamento","114","3","3","No","Sí","38","Chapinero","Chapinero","4","4.652362","-74.087123","320","1","106000","253","120000","524000","750000","647900000","3090000","647900000"
"SHV-1163","FincaRaíz","Venta","Apartamento","66","1","1","No","No","37","Santa Fe","La Macarena","2","4.592129","-74.059766","290","1.98","35000","114","70000","94000","199000","140400000","790000","140400000"
"SHV-1164","Habi","Arriendo","Apartamento","73","2","1","Sí","No","32","San Cristóbal","Los Libertadores","2","4.536137","-74.089151","210","4.6","64000","129","91000","87000","242000","202100000","910000","910000"
"SHV-1165","UAECD-OTC","Arriendo","Apartamento","48","3","3","No","No","18","Usme","Comuneros","1","4.457212","-74.120882","140","6.89","26000","90","43000","67000","136000","83700000","460000","460000"
"SHV-1166","Metrocuadrado","Arriendo","Apartamento","49","2","1","Sí","No","60","Tunjuelito","Venecia","3","4.591572","-74.147102","190","5.25","33000","132","97000","161000","291000","174700000","720000","720000"
"SHV-1167","Habi","Arriendo","Apartamento","55","2","1","No","No","9","Bosa","El Porvenir","1","4.603883","-74.177597","160","6.24","39000","106","71000","14000","124000","87800000","490000","490000"
"SHV-1168","FincaRaíz","Venta","Apartamento","63","2","1","No","No","28","Kennedy","Américas","2","4.622767","-74.181535","230","3.95","29000","112","48000","84000","161000","145000000","810000","145000000"
"SHV-1169","UAECD-OTC","Arriendo","Apartamento","84","4","4","Sí","No","1","Fontibón","Aeropuerto","4","4.689792","-74.167362","200","4.93","78000","159","109000","420000","607000","615600000","2960000","2960000"
"SHV-1170","FincaRaíz","Venta","Apartamento","76","2","1","No","Sí","25","Engativá","Garcés Navas","3","4.701684","-74.131042","175","5.75","51000","202","111000","266000","428000","297100000","1620000","297100000"
"SHV-1171","FincaRaíz","Venta","Apartamento","68","2","2","Sí","Sí","20","Suba","Tibabuyes","3","4.732833","-74.088801","195","5.09","81000","154","66000","147000","294000","260000000","1520000","260000000"
"SHV-1172","FincaRaíz","Venta","Apartamento","124","3","2","Sí","Sí","36","Barrios Unidos","Alcázares","4","4.650546","-74.067082","265","2.8","110000","232","125000","570000","805000","908300000","5090000","908300000"
"SHV-1173","Properati","Arriendo","Apartamento","139","4","4","Sí","Sí","60","Teusaquillo","Teusaquillo","5","4.65248","-74.072013","300","1.65","117000","265","226000","1089000","1432000","1406800000","6730000","6730000"
"SHV-1174","UAECD-OTC","Venta","Apartamento","45","1","1","No","No","50","Los Mártires","La Sabana","2","4.602703","-74.100765","280","2.31","35000","97","55000","26000","116000","96100000","480000","96100000"
"SHV-1175","Properati","Venta","Casa","36","2","1","No","No","24","Antonio Nariño","Restrepo","2","4.599886","-74.102946","220","4.27","44000","88","52000","5000","101000","76000000","420000","76000000"
"SHV-1176","UAECD-OTC","Arriendo","Apartamento","83","4","3","Sí","Sí","58","Puente Aranda","Ciudad Montes","4","4.603352","-74.10426","245","3.45","71000","201","104000","392000","567000","602400000","2760000","2760000"
"SHV-1177","Properati","Venta","Casa","65","2","1","No","No","30","La Candelaria","La Candelaria","2","4.619497","-74.07905","310","1.33","42000","127","72000","0","114000","180200000","1010000","180200000"
"SHV-1178","Properati","Venta","Casa","41","2","1","No","No","39","Rafael Uribe Uribe","Marco Fidel Suárez","3","4.562582","-74.115305","200","4.93","29000","145","55000","60000","144000","147500000","690000","147500000"
"SHV-1179","Metrocuadrado","Arriendo","Apartamento","33","2","1","No","No","15","Ciudad Bolívar","Tesoro","1","4.540909","-74.14167","170","5.91","26000","109","36000","49000","111000","52100000","290000","290000"
"SHV-1180","Metrocuadrado","Arriendo","Apartamento","61","2","1","No","No","25","Sumapaz","Sumapaz","1","4.26135","-74.356014","45","10","44000","100","46000","30000","120000","106900000","450000","450000"
"SHV-1181","UAECD-OTC","Venta","Apartamento","81","2","2","No","Sí","17","Usaquén","Toberín","5","4.690127","-74.014055","180","5.58","109000","201","253000","581000","943000","639000000","2610000","639000000"
"SHV-1182","UAECD-OTC","Venta","Apartamento","187","3","3","Sí","Sí","45","Chapinero","Chico Lago","6","4.640333","-74.079455","320","1","192000","446","337000","2293000","2822000","2562000000","15360000","2562000000"
"SHV-1183","Habi","Venta","Apartamento","35","1","1","No","No","41","Santa Fe","Lourdes","2","4.602732","-74.090367","290","1.98","23000","80","63000","27000","113000","71200000","410000","71200000"
"SHV-1184","Properati","Arriendo","Apartamento","33","2","1","No","No","60","San Cristóbal","20 de Julio","1","4.5548","-74.064725","210","4.6","36000","103","54000","4000","94000","55800000","320000","320000"
"SHV-1185","UAECD-OTC","Venta","Apartamento","54","2","1","No","No","14","Usme","Alfonso López","1","4.486252","-74.152136","140","6.89","43000","107","43000","20000","106000","84600000","500000","84600000"
"SHV-1186","Habi","Arriendo","Apartamento","27","3","3","Sí","No","57","Tunjuelito","Tunjuelito","3","4.574681","-74.135459","190","5.25","55000","136","63000","68000","186000","107300000","520000","520000"
"SHV-1187","Metrocuadrado","Venta","Casa","68","2","1","No","No","13","Bosa","Bosa Central","2","4.601576","-74.194235","160","6.24","38000","169","98000","0","136000","153700000","700000","153700000"
"SHV-1188","Habi","Venta","Apartamento","69","2","2","Sí","No","20","Kennedy","Castilla","3","4.631564","-74.166191","230","3.95","40000","148","68000","188000","296000","308500000","1310000","308500000"
"SHV-1189","Properati","Venta","Apartamento","105","2","1","Sí","Sí","16","Fontibón","Fontibón","4","4.662931","-74.157635","200","4.93","65000","253","192000","503000","760000","781100000","3910000","781100000"
"SHV-1190","Properati","Venta","Apartamento","42","3","3","Sí","Sí","26","Engativá","Garcés Navas","3","4.690373","-74.104567","175","5.75","47000","136","93000","115000","255000","156200000","690000","156200000"
"SHV-1191","Habi","Venta","Apartamento","79","3","3","No","No","27","Suba","Casa Blanca Suba","3","4.747665","-74.092834","195","5.09","61000","183","109000","259000","429000","252600000","1480000","252600000"
"SHV-1192","UAECD-OTC","Venta","Casa","73","2","2","No","Sí","47","Barrios Unidos","Alcázares","3","4.684961","-74.10093","265","2.8","82000","184","70000","0","152000","246100000","990000","246100000"
"SHV-1193","Metrocuadrado","Arriendo","Casa","53","3","2","No","Sí","47","Teusaquillo","Nicolás de Federmán","4","4.635412","-74.104637","300","1.65","59000","177","90000","0","149000","365100000","1560000","1560000"
"SHV-1194","Properati","Venta","Apartamento","55","3","3","Sí","Sí","35","Los Mártires","Ricaurte","3","4.616116","-74.067001","280","2.31","40000","134","99000","112000","251000","199100000","890000","199100000"
"SHV-1195","UAECD-OTC","Arriendo","Apartamento","38","4","3","No","No","13","Antonio Nariño","Antonio Nariño","2","4.589419","-74.114018","220","4.27","38000","89","52000","46000","136000","88800000","390000","390000"
"SHV-1196","FincaRaíz","Arriendo","Apartamento","64","2","2","Sí","No","27","Puente Aranda","Muzú","4","4.595482","-74.09464","245","3.45","80000","189","131000","350000","561000","459700000","2050000","2050000"
"SHV-1197","Metrocuadrado","Venta","Apartamento","77","2","1","Sí","No","60","La Candelaria","La Candelaria","3","4.576076","-74.071774","310","1.33","47000","135","89000","207000","343000","255800000","1360000","255800000"
"SHV-1198","Metrocuadrado","Venta","Apartamento","30","3","2","Sí","No","19","Rafael Uribe Uribe","Marco Fidel Suárez","3","4.542495","-74.113197","200","4.93","52000","99","56000","88000","196000","94900000","440000","94900000"
"SHV-1199","Habi","Venta","Apartamento","32","2","2","No","No","21","Ciudad Bolívar","Arborizadora","1","4.530613","-74.158295","170","5.91","19000","89","39000","3000","61000","60700000","320000","60700000"
"SHV-1200","Habi","Arriendo","Apartamento","52","2","1","No","No","13","Sumapaz","Sumapaz","1","4.265493","-74.353194","45","10","22000","118","47000","62000","131000","102500000","590000","590000"
